-- MySQL dump 10.13  Distrib 8.0.22, for Win64 (x86_64)
--
-- Host: localhost    Database: world
-- ------------------------------------------------------
-- Server version	8.0.22

/*!40101 SET @OLD_CHARACTER_SET_CLIENT=@@CHARACTER_SET_CLIENT */;
/*!40101 SET @OLD_CHARACTER_SET_RESULTS=@@CHARACTER_SET_RESULTS */;
/*!40101 SET @OLD_COLLATION_CONNECTION=@@COLLATION_CONNECTION */;
/*!50503 SET NAMES utf8 */;
/*!40103 SET @OLD_TIME_ZONE=@@TIME_ZONE */;
/*!40103 SET TIME_ZONE='+00:00' */;
/*!40014 SET @OLD_UNIQUE_CHECKS=@@UNIQUE_CHECKS, UNIQUE_CHECKS=0 */;
/*!40014 SET @OLD_FOREIGN_KEY_CHECKS=@@FOREIGN_KEY_CHECKS, FOREIGN_KEY_CHECKS=0 */;
/*!40101 SET @OLD_SQL_MODE=@@SQL_MODE, SQL_MODE='NO_AUTO_VALUE_ON_ZERO' */;
/*!40111 SET @OLD_SQL_NOTES=@@SQL_NOTES, SQL_NOTES=0 */;

--
-- Table structure for table `budget`
--

DROP TABLE IF EXISTS `budget`;
/*!40101 SET @saved_cs_client     = @@character_set_client */;
/*!50503 SET character_set_client = utf8mb4 */;
CREATE TABLE `budget` (
  `id` int NOT NULL AUTO_INCREMENT,
  `title` varchar(255) DEFAULT NULL,
  `year` int DEFAULT NULL,
  `program` int DEFAULT NULL,
  `amount_original` decimal(10,0) DEFAULT '0',
  `amount_updated` decimal(10,0) DEFAULT '0',
  `amount_real` decimal(10,0) DEFAULT '0',
  `comment` varchar(255) DEFAULT NULL,
  `status` varchar(45) DEFAULT NULL,
  `project_id` int DEFAULT NULL,
  `use_amount_real` tinyint DEFAULT '0',
  `show_comment` tinyint DEFAULT '0',
  PRIMARY KEY (`id`),
  KEY `fk_idx` (`project_id`),
  CONSTRAINT `fk` FOREIGN KEY (`project_id`) REFERENCES `project` (`id`)
) ENGINE=InnoDB AUTO_INCREMENT=101 DEFAULT CHARSET=utf8mb4 COLLATE=utf8mb4_0900_ai_ci;
/*!40101 SET character_set_client = @saved_cs_client */;

--
-- Dumping data for table `budget`
--

LOCK TABLES `budget` WRITE;
/*!40000 ALTER TABLE `budget` DISABLE KEYS */;
INSERT INTO `budget` VALUES (2,'Moderná prezentácia pamiatok a pamätihodností MČ',2020,1,0,0,0,'niCE life projekt. Náhradné čerpanie za neschválený pôvodný projekt. Pre potreby niCE life projektu sú potrebné iba bežné výdavky. Kapitálové výdavky v roku 2020 nebudú čerpané','ERROR',30,1,1),(3,'Nákup licencie software na verejné obstarávanie',2020,2,3000,1500,0,'Príprava podkladov na verejné obstarávanie','INWORK',1,1,0),(4,'Virtualizácie serverov',2020,2,30000,30000,0,'priebežne sa plní','INWORK',2,1,0),(5,'Komunikačná infraštruktúra',2020,2,35000,30000,16253,'priebežne sa plní','INWORK',3,1,0),(6,'Rekonštrukcia chodníkov',2020,4,100000,95000,36836,'','INWORK',3,1,0),(7,'Rekonstrukcia a modernizácia komunikácii',2020,4,80000,0,0,'','INWORK',3,1,0),(8,'Vybudovanie cyklotrasy, prípadne nových chodníkov',2020,4,145000,15852,5352,'platba za PD, aktualne prebiehaju zistovania vlastnickych vztahov na pozemkoch cyklotras','INWORK',4,1,0),(9,'Prípravná projektová dokumentácia a budovanie nových chodníkov',2020,4,370000,0,0,'Nerealizuje sa, bolo by vhodné od MZ presunúť na opravu jestvujúcich chodnikov','ERROR',4,1,1),(10,'Projektová dokumentácia na nové parkoviská',2020,4,23000,14438,14438,'zrealizované','SUCCESS',25,1,0),(11,'Rekonštrukcia školkských zariadení',2020,5,911536,867555,454520,'realizuje sa','INWORK',8,1,0),(12,'Dotácia na obnovu odborných učební ZŠ',2020,5,777246,0,0,'Nenávratný finančný príspevok bol schválený. Dodávateľ je vysúťažený. Zmluvy sú na kontrole na ministerstve. S realizáciou projektu plánujeme začať od roku 2021, nepredpokladáme čerpanie v roku 2020','POSTPONE',8,1,1),(13,'Rekonštrukcia časti objektu za účelom zvýšenia kapacity',2020,5,18740,0,0,'Nenávratný finančný príspevok bol schválený. Dodávateľ je vysúťažený. Zmluvy sú na kontrole na ministerstve. S realizáciou projektu plánujeme začať od roku 2021, nepredpokladáme čerpanie v roku 2020','POSTPONE',10,1,1),(14,'Rekonštrukcia a vybavenie odborných učební',2020,5,94734,0,0,'Nenávratný finančný príspevok bol schválený. Dodávateľ je vysúťažený. Zmluvy sú na kontrole na ministerstve. S realizáciou projektu plánujeme začať od roku 2021, nepredpokladáme čerpanie v roku 2020','POSTPONE',8,1,1),(15,'Vybudovanie klimatizácie v DK Zrkadlový háj',2020,6,0,0,0,'Spracováva sa projektová dokumentácia v réžii KZP','ERROR',26,1,1),(16,'Rekonštrukcia jestvujúceho multifunkčného ihriska',2020,6,0,0,0,'Zrealizované cez bežné výdavky','SUCCESS',13,1,0),(17,'Revitalizácia športového areálu,  multifunkčného ihriska - I. fáza',2020,6,67123,30000,0,'Realizovať sa bude projektová dokumentácia na multifunkčné ihrisko a dráhu. Prebieha príprava súťaže.','INWORK',13,1,0),(18,'Výmena mantinelov',2020,6,0,18534,18534,'Realizácia v polovici 10/2020','SUCCESS',13,1,0),(19,'Nákup vozidiel a plošiny (žacích strojov s príslušenstvom)',2020,7,219348,179348,113076,'','INWORK',14,1,0),(20,'Vybudovanie jedného nového výbehu pre psov',2020,7,0,0,0,'Prebieha identifikácia vhodných pozemkov. V roku 2020 sa nebude realizovať','POSTPONE',27,1,1),(21,'Príspevky na stavebné úpravy a vybudovanie nových kontajnerových stanovíšť',2020,7,10000,10000,0,'Priebežne sa plní','INWORK',16,1,0),(22,'Revitalizácia verejných detských ihrísk (príslušenstvo k strojom, prístrojom, zariadeniam a technikám)',2020,7,63200,53322,38322,'Prebieha inventarizácia stavu detských ihrísk','POSTPONE',13,1,1),(23,'Nákup nákladných automobilov a prevádzkových strojov a prístrojov (2 kusov nákladných automobilov značky Man, jadrovej vŕtačky a stolového \nsústruhu)',2020,7,91614,89384,89384,'','SUCCESS',14,1,0),(24,'Dofinancovanie ÚP zóny Kapitulský dvor',2020,8,34757,34757,34757,'V procese spracovania návrhu ÚP','SUCCESS',28,1,0),(25,'Vybudovanie denného stacionáru',2020,9,34651,0,0,'Nenávratný finančný prispevok bol zamietnutý. Aktuálne prebieha odvolacie konanie','POSTPONE',29,1,1),(26,'Participatívny výskum na Nám. Republiky a Šrobárovom námestí',2020,9,34730,23570,8200,'','INWORK',20,1,0),(27,'Riešenie sociálneho zariadenia pre seniorov, prípadne na zvýšenie kapacity MŠ',2020,9,0,0,0,'Prebratie objektu Hrobákova, na obhliadke objektu Hrobáková sa určila cena rekonštrukcie ref, investičných činností na sumu 450 000 - 520 000 €','INWORK',8,1,0),(28,'Nákup budov, objektov a ich časti',2020,9,15100,15100,15100,'Zrealizované','SUCCESS',21,1,0),(29,'Vyhotovenie projektových dokumentácií k novým projektom podľa vyhlásených výziev',2020,9,29000,2065,0,'Neočakáva sa ďalšie \nčerpanie','SUCCESS',30,1,0),(30,'Zabezpečenie klimatizácie do ZSS na Vavilovovej ulici',2020,10,0,0,0,'Z dôvodu pandémie nebolo možné realizovať. 26/07/2020 požiadalo ZSS o dotáciu pre zabezpečenie klimatizázie vo vlastnej réžii','ERROR',23,1,1),(31,'Obstaranie špeciálneho vozidla pre DVPZ Petržalka',2020,11,20000,20000,0,'V príprave','INWORK',31,1,0),(32,'Nákup telekomunikačnej techniky - kamery',2020,11,100000,100000,0,'','INWORK',24,1,0),(33,'Poslanecké priority na kapitálové výdavky (rekonštrukcie školských budov, obnova chodníkov a športova infraštruktúra)',2021,1,205000,0,0,'','INWORK',32,0,0),(34,'Nákup licencie sofware na verejné obstarávanie',2021,2,3000,0,0,'','INWORK',1,0,0),(35,'Obstaranie virtualizácie serverov',2021,2,30000,0,0,'','INWORK',2,0,0),(36,'Obnova komunikácií',2021,4,200000,0,0,'','INWORK',3,0,0),(37,'Cyklotrasa O4 I. Etapa - Prístavného mostu, Májová ulica, Nám. Hraničiarov ',2021,4,185000,0,0,'','INWORK',4,0,0),(38,'Cyklotrasa O4 II. Etapa - Chorvátske rameno po Rusovskú 72 100',2021,4,75000,0,0,'','INWORK',4,0,0),(39,'Bleskozvod na MŠ',2021,5,32000,0,0,'','INWORK',8,0,0),(40,'Rekonštrukcie ZŠ a MŠ',2021,5,1676980,0,0,'','INWORK',8,0,0),(41,'Zvýšenie kapacít MŠ',2021,5,891074,0,0,'','INWORK',10,0,0),(42,'Rekonštrukcia pobočky Vavilovova - PD',2021,6,25000,0,0,'','INWORK',11,0,0),(43,'Zateplenie DK Zrkadlový háj',2021,6,210000,0,0,'','INWORK',12,0,0),(44,'Nová bežecká dráha a multifinkčné ihrisko na ZŠ Lachova',2021,6,215000,0,0,'','INWORK',13,0,0),(45,'Nákup strojov a zariadení - podľa potrieb referátu',2021,7,365000,0,0,'','INWORK',14,0,0),(46,'Nákup strojov a zariadení - nákladné vozidlo',2021,7,30000,0,0,'','INWORK',14,0,0),(47,'Revitalizácia detských ihríska',2021,7,121000,0,0,'6 verejných detských ihrísk určených na revitalizáciu v roku 2021 bude vybraných na základe výstupov stretnutia poslaneckej pracovnej skupiny začiatkom decembra 2020 - zo stretnutia bude vyhotovená zápisnica','INWORK',15,0,0),(48,'Nové detské ihrisko na ulici Pečnianska',2021,7,29000,0,0,'','INWORK',15,0,0),(49,'Dotváranie a budovanie kontajnerových stanovíšť',2021,7,10000,0,0,'','INWORK',16,0,0),(50,'PD Mlynarovičová',2021,7,10000,0,0,'','INWORK',17,0,0),(51,'ÚP zóny Kapitulský dvor',2021,8,7239,0,0,'','INWORK',18,0,0),(52,'Súťaž návrhov revitalizácie nám. Republiky',2021,8,65000,0,0,'','INWORK',18,0,0),(53,'Vypracovanie PD - MŠ Hrobákova',2021,9,70000,0,0,'','INWORK',19,0,0),(54,'Revitalizácia - Šrobárovo námestie',2021,9,196000,0,0,'','INWORK',20,0,0),(55,'Nákup budov ZSE',2021,9,1350000,0,0,'','INWORK',21,0,0),(56,'Vypracovanie projektovej dokumnetácie - DSS OSUSKÉHO',2021,9,70000,0,0,'','INWORK',22,0,0),(57,'Zabezpečenie klimatizácie do ZSS na Vavilovovej ulici',2021,10,14000,0,0,'','INWORK',23,0,0),(58,'Kamerový systém',2021,11,100000,0,0,'','INWORK',24,0,0),(100,'111',2222,1,1,3,2,'4','ERROR',3,1,1);
/*!40000 ALTER TABLE `budget` ENABLE KEYS */;
UNLOCK TABLES;

--
-- Table structure for table `budget_project`
--

DROP TABLE IF EXISTS `budget_project`;
/*!40101 SET @saved_cs_client     = @@character_set_client */;
/*!50503 SET character_set_client = utf8mb4 */;
CREATE TABLE `budget_project` (
  `id` int NOT NULL AUTO_INCREMENT,
  `title` varchar(255) NOT NULL,
  `description` longtext,
  `url` varchar(255) NOT NULL,
  PRIMARY KEY (`id`)
) ENGINE=InnoDB AUTO_INCREMENT=33 DEFAULT CHARSET=utf8mb4 COLLATE=utf8mb4_0900_ai_ci;
/*!40101 SET character_set_client = @saved_cs_client */;

--
-- Dumping data for table `budget_project`
--

LOCK TABLES `budget_project` WRITE;
/*!40000 ALTER TABLE `budget_project` DISABLE KEYS */;
INSERT INTO `budget_project` VALUES (1,'Software licencia',NULL,'software_licencia'),(2,'Virtualizácia serverov',NULL,'virtualizácia_serverov'),(3,'Oprava  a obnova komunikácii',NULL,'oprava_a_obnova_komunikácii'),(4,'Výstavba cyklotrás',NULL,'výstavba_cyklotrás'),(5,'Projekt Odborné učebne',NULL,'projekt_odborné_učebne'),(6,'Hygienické opatrenie na MŠ',NULL,'hygienické_opatrenie_na_mš'),(7,'Kuchyne a školské jedálne',NULL,'kuchyne_a_školské_jedálne'),(8,'Rekonštrukcie ZŠ a MŠ',NULL,'rekonštrukcie_zš_a_mš'),(9,'Rekonštrukcia kuchyne ZŠ a MŠ',NULL,'rekonštrukcia_kuchyne_zš_a_mš'),(10,'Zvýšenie kapacít MŠ',NULL,'zvýšenie_kapacít_mš'),(11,'Mestská Knižnica',NULL,'mestská_knižnica'),(12,'Zateplenie',NULL,'zateplenie'),(13,'Budovanie športovísk',NULL,'budovanie_športovísk'),(14,'Nákup strojov a zariadení',NULL,'nákup_strojov_a_zariadení'),(15,'Revitalizácia VDI',NULL,'revitalizácia_vdi'),(16,'Kontajnerové stanovištia',NULL,'kontajnerové_stanovištia'),(17,'Mlynarovičová',NULL,'mlynarovičová'),(18,'Územný plán zóny',NULL,'územný_plán_zóny'),(19,'MŠ Hrobákova',NULL,'mš_hrobákova'),(20,'Šrobárovo námestie',NULL,'šrobárovo_námestie'),(21,'Nákup budov',NULL,'nákup_budov'),(22,'DSS OSUSKÉHO',NULL,'dss_osuského'),(23,'Klimatizácia ',NULL,'klimatizácia'),(24,'Kamerový systém',NULL,'kamerový_systém'),(25,'Nové parkoviská',NULL,'nove_parkoviska'),(26,'DK Zrkadlový háj',NULL,'dk_zrkadlovy_haj'),(27,'Výbehy pre psov',NULL,'vybehy_pre_psov'),(28,'Kapitulský dvor',NULL,'kapitulsky_dvor'),(29,'Denný stacionár',NULL,'denny_stacionar'),(30,'Vyhotovenie projektových dokumentácií',NULL,'vyhodnotenie_projektovych_dokumentacii'),(31,' DVPZ Petržalka',NULL,'dvpz'),(32,'Poslanecké priority na kapitálové výdavky',NULL,'poslanecke_priority');
/*!40000 ALTER TABLE `budget_project` ENABLE KEYS */;
UNLOCK TABLES;

--
-- Table structure for table `department`
--

DROP TABLE IF EXISTS `department`;
/*!40101 SET @saved_cs_client     = @@character_set_client */;
/*!50503 SET character_set_client = utf8mb4 */;
CREATE TABLE `department` (
  `id` int NOT NULL,
  `name` varchar(45) DEFAULT NULL,
  PRIMARY KEY (`id`)
) ENGINE=InnoDB DEFAULT CHARSET=utf8mb4 COLLATE=utf8mb4_0900_ai_ci;
/*!40101 SET character_set_client = @saved_cs_client */;

--
-- Dumping data for table `department`
--

LOCK TABLES `department` WRITE;
/*!40000 ALTER TABLE `department` DISABLE KEYS */;
INSERT INTO `department` VALUES (1,'23:05:06.303788300');
/*!40000 ALTER TABLE `department` ENABLE KEYS */;
UNLOCK TABLES;

--
-- Table structure for table `grant_item`
--

DROP TABLE IF EXISTS `grant_item`;
/*!40101 SET @saved_cs_client     = @@character_set_client */;
/*!50503 SET character_set_client = utf8mb4 */;
CREATE TABLE `grant_item` (
  `id` int NOT NULL AUTO_INCREMENT,
  `subject` int NOT NULL,
  `year` int NOT NULL,
  `amount` decimal(10,2) NOT NULL,
  `detail` varchar(255) DEFAULT NULL,
  PRIMARY KEY (`id`),
  KEY `fk_idx` (`subject`),
  CONSTRAINT `fk_grant_grant_subject` FOREIGN KEY (`subject`) REFERENCES `grant_subject` (`id`)
) ENGINE=InnoDB AUTO_INCREMENT=128 DEFAULT CHARSET=utf8mb4 COLLATE=utf8mb4_0900_ai_ci;
/*!40101 SET character_set_client = @saved_cs_client */;

--
-- Dumping data for table `grant_item`
--

LOCK TABLES `grant_item` WRITE;
/*!40000 ALTER TABLE `grant_item` DISABLE KEYS */;
INSERT INTO `grant_item` VALUES (4,1,2020,23306.73,NULL),(5,1,2021,39576.66,NULL),(6,2,2020,17122.48,NULL),(7,2,2021,32203.96,NULL),(8,3,2020,13340.78,NULL),(9,3,2021,19301.73,NULL),(10,4,2020,9374.50,NULL),(11,4,2021,13492.04,NULL),(12,5,2020,9026.02,NULL),(13,5,2021,17586.35,NULL),(14,6,2020,8783.54,NULL),(15,6,2021,16285.20,NULL),(16,7,2020,8014.47,NULL),(17,7,2021,12644.18,NULL),(18,8,2020,7034.93,NULL),(19,8,2021,15421.23,NULL),(20,9,2020,3996.55,NULL),(21,9,2021,5342.75,NULL),(23,10,2021,15021.88,NULL),(76,11,2021,3260.00,'Na palube jednorožca'),(77,12,2021,5000.00,'Vráťme hokejbal do ulíc'),(78,13,2021,1729.00,'Poďme na vodu'),(79,14,2021,1904.00,'Tanečné leto – Gala 2021'),(80,15,2021,2039.00,'ROZHÝB SA PETRŽALKA 2021'),(81,16,2021,1893.00,'Rozvoj pravidelného športovania detí a mládeže v Petržalke'),(82,17,2021,2089.00,'Podpora stolného tenisu v Petržalke'),(83,18,2021,1030.00,'ČSOB Bratislava Marathon 2021'),(84,19,2021,4493.00,'Lezieme za zdravím'),(85,20,2021,4484.00,'Aby sme dobre dopadli...'),(86,21,2021,4855.00,'Supertrieda Petržalka'),(87,22,2021,2800.00,'Komunitná záhrada Dvory žije'),(88,23,2021,2020.00,'Spoznaj zákutia Petržalky'),(89,24,2021,4613.00,'Petržalský dunajský chodník'),(90,25,2021,3274.00,'Bunker plný energie'),(91,25,2020,4500.00,'Petržalka pre bunkre, bunkre pre Petržalku'),(92,26,2020,4314.00,'S piesňou starneme pomalšie'),(93,27,2021,5000.00,'Strava pre ľudí bez domova z Petržalky'),(94,27,2020,4203.00,'Strava pre ľudí bez domova - prvý krok k integrácii'),(95,28,2020,4131.00,'Festival vedy a techniky AMAVET 2020'),(96,29,2021,3231.00,'33. sezóna DFS Hájenka'),(97,29,2020,4128.00,'DFS Hájenka - 32. sezóna'),(98,30,2021,4191.00,'Pravidelný šport deťom'),(99,30,2020,4000.00,'Pravidelný šport deťom'),(100,31,2020,3681.00,'PumpPark Petržalka - dokončenie prestavby areálu'),(101,32,2020,3681.00,'Podpora činnosti družstva žien Slávie Ekonomická univerzita Bratislava'),(102,33,2020,3600.00,'Aktivity komunitného centra Kopčany'),(103,34,2020,3408.00,'Obnova a revitalizácia historického objektu vojenského múzea B-S 6 Vrba'),(104,35,2021,878.00,'Orientačné dni – zážitok pre triedu'),(105,35,2020,3330.00,'Hudbou zahnať smútok a strach'),(106,10,2020,3275.00,'S kimonom bez hraníc!'),(107,36,2020,3275.00,'S kimonom bez hraníc!'),(109,37,2021,4926.00,'Športové činnosti a vybavenie BKM Petržalka'),(110,37,2020,3265.00,'Športové vybavenie BKM Petržalka'),(111,38,2020,3026.00,'Interaktívna mapa petržalských obchodov a služieb'),(112,39,2020,2789.00,'Kontakt s hlinou - cesta k sebe a iným'),(113,40,2020,2474.00,'Účasť na Sodi world series (svetové finále)'),(114,41,2020,2423.00,'Letná hudobná škola'),(115,42,2020,2344.00,'Repelend'),(116,43,2020,2343.00,'Detský atletický štvorboj s Gepardom 2020'),(117,44,2020,1929.00,'Martin Lukáč - mural v Petržalke'),(118,45,2020,1980.00,'Komunita štyri krát inak'),(119,46,2021,4565.00,'S Vodníčkom spoznávaj svet'),(120,46,2020,1786.00,'Remeslo má zlaté dno'),(121,47,2020,1662.00,'Hravo a bezpečne na ihrisku'),(122,48,2021,2413.00,'Integrácia Petržalka 2021'),(123,48,2020,1582.00,'Integrácia Petržalka 2020'),(124,49,2020,646.00,'Pomoc ohrozeným komunitám v čase šírenia vírusu COVID 19'),(125,50,2021,4312.00,'Učím sa rozumieť peniazom'),(126,50,2020,498.00,'Ako sa naučiť správne hospodáriť s peniazmi'),(127,51,2020,0.00,'Projekt Marsilius - Slnko a očista');
/*!40000 ALTER TABLE `grant_item` ENABLE KEYS */;
UNLOCK TABLES;

--
-- Table structure for table `grant_subject`
--

DROP TABLE IF EXISTS `grant_subject`;
/*!40101 SET @saved_cs_client     = @@character_set_client */;
/*!50503 SET character_set_client = utf8mb4 */;
CREATE TABLE `grant_subject` (
  `id` int NOT NULL AUTO_INCREMENT,
  `title` varchar(255) NOT NULL,
  `category` varchar(45) NOT NULL DEFAULT 'OZ',
  PRIMARY KEY (`id`)
) ENGINE=InnoDB AUTO_INCREMENT=52 DEFAULT CHARSET=utf8mb4 COLLATE=utf8mb4_0900_ai_ci;
/*!40101 SET character_set_client = @saved_cs_client */;

--
-- Dumping data for table `grant_subject`
--

LOCK TABLES `grant_subject` WRITE;
/*!40000 ALTER TABLE `grant_subject` DISABLE KEYS */;
INSERT INTO `grant_subject` VALUES (1,'FC Petržalka','SPORT'),(2,'Gymnastické centrum (Slávia UK)','SPORT'),(3,'Školský športový klub B.S.C. Bratislava','SPORT'),(4,'Športový klub polície Bratislava, o.z. hádzanársky oddiel','SPORT'),(5,'Klub modernej gymnastiky Danubia','SPORT'),(6,'MŠK Iskra Petržalka','SPORT'),(7,'Rekreačný beh','SPORT'),(8,'Hockey club Petržalka 2010','SPORT'),(9,'ŠK Juventa Bratislava','SPORT'),(10,'Športová škola Karate Bratislava','SPORT'),(11,'OZ Moonshine camp','OZ'),(12,'OZ Petržalská hokejbalová liga','OZ'),(13,'OZ Bratislavský klub slalomových a zjazdových vodákov','OZ'),(14,'OZ Jeden23223','OZ'),(15,'OZ Sportsclub FunnyDance','OZ'),(16,'OZ Tenisová akadémia Edmund Pavlík','OZ'),(17,'OZ Stolnotenisový klub štadión','OZ'),(18,'BE COOL','OZ'),(19,'OZ Rodičovské združenie – Borkáčik','OZ'),(20,'OZ SRRZ RZ pri MŠ Lachova 31','OZ'),(21,'OZ Supertrieda','OZ'),(22,'OZ Záhrada Dvory','OZ'),(23,'OZ #Som Petržalčan','OZ'),(24,'OZ Otvorená lodenica','OZ'),(25,'OZ Múzeum Petržalského opevnenia','OZ'),(26,'OZ Petržalčanka','OZ'),(27,'DEPAUL SLOVENSKO n.o.','OZ'),(28,'Asociácia pre mládež vedu a techniku','OZ'),(29,'OZ Hájenka','OZ'),(30,'OZ TK Petržalka','OZ'),(31,'OZ Pedál','OZ'),(32,'Slávia Ekonomická univerzita Bratislava','OZ'),(33,'OZ Ulita','OZ'),(34,'OZ B-S-6 Vrba','OZ'),(35,'OZ DOMKA','OZ'),(36,'Športová škola KARATE BRATISLAVA','OZ'),(37,'OZ Basketbalový klub mládeže Petržalka - Five Stars','OZ'),(38,'OZ Konduktor','OZ'),(39,'IMPULZ','OZ'),(40,'OZ Slovakia Karting Club','OZ'),(41,'OZ Bratislavský chlapčenský zbor','OZ'),(42,'OZ Spoločnosť priateľov športu','OZ'),(43,'OZ Deti na štarte','OZ'),(44,'Martin Lukáč s.r.o','OZ'),(45,'OZ KASPIAN','OZ'),(46,'OZ Vodníček Rodičovské združenie pri materskej škole Tupolevova 20','OZ'),(47,'OZ Rodičovské združenie pri MŠ Šustekova 33','OZ'),(48,'OZ STOPA SLOVENSKO','OZ'),(49,'OZ ODYSEUS','OZ'),(50,'ABCedu pre vzdelanie','OZ'),(51,'OZ Presadíme','OZ');
/*!40000 ALTER TABLE `grant_subject` ENABLE KEYS */;
UNLOCK TABLES;

--
-- Table structure for table `image`
--

DROP TABLE IF EXISTS `image`;
/*!40101 SET @saved_cs_client     = @@character_set_client */;
/*!50503 SET character_set_client = utf8mb4 */;
CREATE TABLE `image` (
  `id` int NOT NULL AUTO_INCREMENT,
  `title` varchar(45) DEFAULT NULL,
  `source` varchar(1023) NOT NULL,
  `project_id` int DEFAULT NULL,
  PRIMARY KEY (`id`),
  KEY `image_project_idx` (`project_id`),
  CONSTRAINT `image_project` FOREIGN KEY (`project_id`) REFERENCES `project` (`id`)
) ENGINE=InnoDB AUTO_INCREMENT=294 DEFAULT CHARSET=utf8mb4 COLLATE=utf8mb4_0900_ai_ci;
/*!40101 SET character_set_client = @saved_cs_client */;

--
-- Dumping data for table `image`
--

LOCK TABLES `image` WRITE;
/*!40000 ALTER TABLE `image` DISABLE KEYS */;
INSERT INTO `image` VALUES (1,'Variant A','img/sportovo_rekreacny_areal_pri_COV/image--000.jpg',4),(2,'Variant B','img/sportovo_rekreacny_areal_pri_COV/image--001.jpg',4),(3,'','img/polyfunkcny_dom_humenske_nam/polyfunkcny_dom_humenske_nam_2.jpg',5),(4,'','img/polyfunkcny_dom_humenske_nam/polyfunkcny_dom_humenske_nam_3.jpg',5),(5,'','img/polyfunkcny_dom_humenske_nam/polyfunkcny_dom_humenske_nam_1.jpg',5),(6,'','img/polyfunkcny_dom_humenske_nam/polyfunkcny_dom_humenske_nam_4.jpg',5),(7,'','img/polyfunkcny-dom-topolcianska/Topolcianska_riesene_uzemie.jpg',6),(8,'','img/skola-juzne-mesto/1.jpg',9),(9,'','img/skola-juzne-mesto/2.jpg',9),(10,'','img/skola-juzne-mesto/3.jpg',9),(11,'','img/skola-juzne-mesto/4.jpg',9),(12,'','img/vytahove-parkovacie-domy/3.png',10),(13,'','img/vytahove-parkovacie-domy/4.png',10),(14,'','img/vytahove-parkovacie-domy/5.png',10),(15,'','img/vytahove-parkovacie-domy/6.png',10),(16,'','img/vytahove-parkovacie-domy/7.png',10),(17,'','img/vytahove-parkovacie-domy/8.png',10),(18,'','img/vytahove-parkovacie-domy/9.png',10),(19,'','img/vytahove-parkovacie-domy/10.png',10),(20,'','img/vytahove-parkovacie-domy/11.png',10),(21,'','img/vytahove-parkovacie-domy/12.png',10),(22,'','img/vytahove-parkovacie-domy/13.png',10),(23,'','https://www.novedomino.sk/img/obr5.jpg',11),(24,'','/img/viacucelova_sportova_hala/usmiestnenie.jpg',12),(25,'','/img/viacucelova_sportova_hala/lokalizacia.jpg',12),(26,'','https://www.yimba.sk/upload/Projekty/Downtown/Nov%C3%A9%20Lido/StudiaLido_01/03_Lido_Letecky_pohlad_01.jpg',13),(27,'','https://bratislavskykraj.sk/wp-content/uploads/2020/09/119068162_3541246765938335_4381885082729630819_o-1024x722.jpg',14),(28,'','img/golfvillage_janikovske_pole/1.jpg',19),(29,'','img/golfvillage_janikovske_pole/2.jpg',19),(30,'','img/golfvillage_janikovske_pole/3.jpg',19),(31,'','img/hotel_sphinx/1.png',21),(32,'','img/hotel_sphinx/2.png',21),(33,'','img/hotel_sphinx/3.png',21),(34,'','img/hotel_sphinx/4.jpg',21),(35,'','img/polyfunkcny_objekt_septimo_II_offices/1.jpg',25),(36,'','img/srobarovo-namestie/peticia.jpeg',26),(37,'','img/srobarovo-namestie/1.png',26),(38,'','img/srobarovo-namestie/2.png',26),(39,'','img/srobarovo-namestie/3.png',26),(40,'','img/srobarovo-namestie/4.png',26),(41,'','img/srobarovo-namestie/5.png',26),(42,'','img/matador_I_etapa/1.png',28),(43,'','img/matador_I_etapa/2.png',28),(44,'','img/matador_I_etapa/3.png',28),(45,'','img/matador_I_etapa/4.png',28),(46,'','img/polyfunkcny_komplex_muchovo_namestie/1.png',29),(47,'','img/revitalizacia_okolia_pamatnika_obetiam_extremizmu/1.jpg',30),(48,'','img/revitalizacia_okolia_pamatnika_obetiam_extremizmu/2.jpg',30),(49,'','img/lavky_cez_chorvatske_rameno/1.jpg',31),(50,'','img/lavky_cez_chorvatske_rameno/2.jpg',31),(51,'','img/lavky_cez_chorvatske_rameno/3.jpg',31),(52,'','img/lavky_cez_chorvatske_rameno/4.jpg',31),(53,'','img/lavky_cez_chorvatske_rameno/0.jpg',31),(54,'','img/polyfunkcny_objekt_tematinska/1.jpg',32),(55,'','img/polyfunkcny_objekt_tematinska/2.jpg',32),(56,'','img/polyfunkcny_objekt_tematinska/3.jpg',32),(57,'','img/polyfunkcny_objekt_tematinska/4.jpg',32),(58,NULL,'img/sportovo_rekreacny_areal_pri_COV/0.png',4),(59,NULL,'img/sportovo_rekreacny_areal_pri_COV/1.jpg',4),(60,NULL,'img/sportovo_rekreacny_areal_pri_COV/2.jpg',4),(61,NULL,'img/sportovo_rekreacny_areal_pri_COV/3.jpg',4),(62,NULL,'img/sportovo_rekreacny_areal_pri_COV/4.jpg',4),(63,NULL,'img/sportovo_rekreacny_areal_pri_COV/5.jpg',4),(64,NULL,'img/sportovo_rekreacny_areal_pri_COV/6.jpg',4),(65,NULL,'img/sportovo_rekreacny_areal_pri_COV/7.jpg',4),(66,NULL,'img/sportovo_rekreacny_areal_pri_COV/8.jpg',4),(67,NULL,'img/sportovo_rekreacny_areal_pri_COV/9.jpg',4),(68,NULL,'img/sportovo_rekreacny_areal_pri_COV/10.jpg',4),(69,NULL,'img/sportovo_rekreacny_areal_pri_COV/11.jpg',4),(70,NULL,'img/sportovo_rekreacny_areal_pri_COV/12.jpg',4),(71,NULL,'img/sportovo_rekreacny_areal_pri_COV/13.jpg',4),(72,NULL,'img/lavky_cez_chorvatske_rameno/L1_1.png',31),(73,NULL,'img/lavky_cez_chorvatske_rameno/L1_1.png',31),(74,NULL,'img/lavky_cez_chorvatske_rameno/L1_2.png',31),(75,NULL,'img/lavky_cez_chorvatske_rameno/L1_3.png',31),(76,NULL,'img/lavky_cez_chorvatske_rameno/L2_1.png',31),(77,NULL,'img/lavky_cez_chorvatske_rameno/L2_2.png',31),(78,NULL,'img/lavky_cez_chorvatske_rameno/L2_3.png',31),(79,NULL,'img/lavky_cez_chorvatske_rameno/L3_1.png',31),(80,NULL,'img/lavky_cez_chorvatske_rameno/L3_2.png',31),(81,NULL,'img/lavky_cez_chorvatske_rameno/L3_3.png',31),(82,NULL,'img/lavky_cez_chorvatske_rameno/L4_1.png',31),(83,NULL,'img/lavky_cez_chorvatske_rameno/L4_2.png',31),(84,NULL,'img/lavky_cez_chorvatske_rameno/L4_3.png',31),(85,NULL,'img/lavky_cez_chorvatske_rameno/Mapa.png',31);
/*!40000 ALTER TABLE `image` ENABLE KEYS */;
UNLOCK TABLES;

--
-- Table structure for table `person`
--

DROP TABLE IF EXISTS `person`;
/*!40101 SET @saved_cs_client     = @@character_set_client */;
/*!50503 SET character_set_client = utf8mb4 */;
CREATE TABLE `person` (
  `id` int NOT NULL,
  `name` varchar(45) DEFAULT NULL,
  `department_id` int DEFAULT NULL,
  `team_id` int DEFAULT NULL,
  PRIMARY KEY (`id`),
  KEY `department_fk_idx` (`department_id`),
  KEY `team_fk_idx` (`team_id`),
  CONSTRAINT `department_fk` FOREIGN KEY (`department_id`) REFERENCES `department` (`id`),
  CONSTRAINT `team_fk` FOREIGN KEY (`team_id`) REFERENCES `team` (`id`)
) ENGINE=InnoDB DEFAULT CHARSET=utf8mb4 COLLATE=utf8mb4_0900_ai_ci;
/*!40101 SET character_set_client = @saved_cs_client */;

--
-- Dumping data for table `person`
--

LOCK TABLES `person` WRITE;
/*!40000 ALTER TABLE `person` DISABLE KEYS */;
INSERT INTO `person` VALUES (1,'XXX',1,1),(2,'13:55:27.485933200',1,1),(3,'13:55:27.485933200',1,1);
/*!40000 ALTER TABLE `person` ENABLE KEYS */;
UNLOCK TABLES;

--
-- Table structure for table `person_with_version`
--

DROP TABLE IF EXISTS `person_with_version`;
/*!40101 SET @saved_cs_client     = @@character_set_client */;
/*!50503 SET character_set_client = utf8mb4 */;
CREATE TABLE `person_with_version` (
  `id` int NOT NULL,
  `name` varchar(45) DEFAULT NULL,
  `version` int NOT NULL,
  PRIMARY KEY (`id`)
) ENGINE=InnoDB DEFAULT CHARSET=utf8mb4 COLLATE=utf8mb4_0900_ai_ci;
/*!40101 SET character_set_client = @saved_cs_client */;

--
-- Dumping data for table `person_with_version`
--

LOCK TABLES `person_with_version` WRITE;
/*!40000 ALTER TABLE `person_with_version` DISABLE KEYS */;
INSERT INTO `person_with_version` VALUES (1,'00:06:46.164738600',17);
/*!40000 ALTER TABLE `person_with_version` ENABLE KEYS */;
UNLOCK TABLES;

--
-- Table structure for table `playground`
--

DROP TABLE IF EXISTS `playground`;
/*!40101 SET @saved_cs_client     = @@character_set_client */;
/*!50503 SET character_set_client = utf8mb4 */;
CREATE TABLE `playground` (
  `id` int NOT NULL AUTO_INCREMENT,
  `title` varchar(45) NOT NULL,
  `district` int NOT NULL,
  `category` varchar(45) DEFAULT NULL,
  `year` int DEFAULT NULL,
  `flag` varchar(45) DEFAULT NULL,
  PRIMARY KEY (`id`)
) ENGINE=InnoDB AUTO_INCREMENT=52 DEFAULT CHARSET=utf8mb4 COLLATE=utf8mb4_0900_ai_ci;
/*!40101 SET character_set_client = @saved_cs_client */;

--
-- Dumping data for table `playground`
--

LOCK TABLES `playground` WRITE;
/*!40000 ALTER TABLE `playground` DISABLE KEYS */;
INSERT INTO `playground` VALUES (1,'Wolkrova',1,'AB',2021,'null'),(2,'Pečnianska',1,'AB',2021,'new'),(3,'Vavilovova',1,'A',2021,'null'),(4,'Markova',2,'AB',2021,'null'),(5,'Fedinova',2,'AB',2021,'null'),(6,'Hrobákova',3,'A',2021,'null'),(7,'Lachova',3,'AB',2021,'null'),(8,'Haanova',4,'AB',2021,'null'),(9,'Mamateyova',4,'AB',2021,'null'),(10,'Holíčska',5,'A',2021,'null'),(11,'Šintavská',5,'A',2021,'null'),(12,'Jasovská',6,'A',2021,'null'),(13,'Šášovská',6,'A',2021,'null'),(14,'Gercenova',1,'A',2022,'null'),(15,'Gercenova GIB',1,'A',2022,'null'),(16,'Kopčianska',1,'AB',2022,'null'),(17,'Andrusovova',2,'A',2022,'null'),(18,'Ševčenkova',2,'AB',2022,'null'),(19,'Gessayova',3,'AB',2022,'null'),(20,'Furdekova',3,'AB',2022,'null'),(21,'Medveďovej',4,'ABC',2022,'null'),(22,'Jankolova',4,'AB',2022,'null'),(23,'Starhradská',5,'AB',2022,'null'),(24,'Budatínska',5,'AB',2022,'null'),(25,'Bzovícka',6,'A',2022,'null'),(26,'Žehrianska',6,'AB',2022,'null'),(27,'Zadunajská',1,'A',2023,'null'),(28,'Harmanecká',1,'A',2023,'null'),(29,'Černyševského 7',1,'AB',2023,'null'),(30,'Prokofievova',2,'B',2023,'null'),(31,'Ambroseho',3,'A',2023,'null'),(32,'Hrobákova 1',3,'B',2023,'null'),(33,'Pankúchova',4,'A',2023,'null'),(34,'Mamateyova 28',4,'A',2023,'null'),(35,'Budatínska 25',5,'B',2023,'null'),(36,'Smolenická 8',5,'AB',2023,'null'),(37,'Šášovská JAMA',6,'BC',2023,'null'),(38,'Krásnohorská',6,'',2023,'workout'),(39,'Černyševského 9',1,'B',2024,'null'),(40,' Nobelovo nám.',1,'AB',2024,'null'),(41,'Kapicova',1,'',2024,'green'),(42,'Pifflova',1,'',2024,'green'),(43,'Rovniakova',3,'AB',2024,'null'),(44,'Bradáčova',3,'B',2024,'new'),(45,'Osuského',3,'',2024,'green/workout'),(46,'Mlynarovičova',4,'',2024,'green/workout'),(47,'Topoľčianska',5,'AB',2024,'null'),(48,'Smolenická 1',5,'B',2024,'null'),(49,'Znievska 8',5,'A',2024,'null'),(50,'Znievska 9',5,'',2024,'green/park'),(51,'Budatínska 41',5,'',2024,'green');
/*!40000 ALTER TABLE `playground` ENABLE KEYS */;
UNLOCK TABLES;

--
-- Table structure for table `project`
--

DROP TABLE IF EXISTS `project`;
/*!40101 SET @saved_cs_client     = @@character_set_client */;
/*!50503 SET character_set_client = utf8mb4 */;
CREATE TABLE `project` (
  `id` int NOT NULL AUTO_INCREMENT,
  `title` varchar(255) NOT NULL,
  `date` date NOT NULL,
  `description` longtext,
  `icon` int DEFAULT NULL,
  `url` varchar(255) NOT NULL,
  `phase` varchar(45) DEFAULT NULL,
  `status` varchar(45) NOT NULL DEFAULT 'INWORK',
  `detail` mediumtext,
  PRIMARY KEY (`id`)
) ENGINE=InnoDB AUTO_INCREMENT=35 DEFAULT CHARSET=utf8mb4 COLLATE=utf8mb4_0900_ai_ci;
/*!40101 SET character_set_client = @saved_cs_client */;

--
-- Dumping data for table `project`
--

LOCK TABLES `project` WRITE;
/*!40000 ALTER TABLE `project` DISABLE KEYS */;
INSERT INTO `project` VALUES (1,'Polyfunkčný dom Tematínska','2019-02-07','Rekonštrukcia, prestavba a nadstavba v súčasnosti 2-podlažného objektu (pôvodná funkcia školstvo a vzdelávanie) na 3-podlažný polyfunkčný objekt (prechodné ubytovanie – 27 apartmánov a bývanie – 12 b. j.), s dopravným pripojením na priľahlú zaslepenú miestnu komunikáciu \nTematínska ulica. Súčasťou dopravného riešenia stavby je aj riešenie statickej dopravy - parkovisko na teréne (37 státí) a parkovanie v hromadnej garáži na 1.NP (13 státí) ',NULL,'polyfunkcny_dom_tematinska','UZEMNE_KONANIE','INWORK','Rekonštrukcia, prestavba a nadstavba v súčasnosti 2-podlažného objektu (pôvodná funkcia školstvo a vzdelávanie) na 3-podlažný polyfunkčný objekt (prechodné ubytovanie – 27 apartmánov a bývanie – 12 b. j.), s dopravným pripojením na priľahlú zaslepenú miestnu komunikáciu Tematínska ulica. Súčasťou dopravného riešenia stavby je aj riešenie statickej dopravy - parkovisko na teréne (37 státí) a parkovanie v hromadnej garáži na 1.NP (13 státí) '),(2,'Rekonštrukcia a vybavenie odborných učební','2020-06-06','Cieľom projektov je vytvorenie podmienok na zabezpečenie kvalitného primárneho vzdelávania a nižšieho stredného vzdelávania prispievajúceho k zvládnutiu povinnej školskej dochádzky. Tento cieľ sa naplní realizáciou aktivít jednotlivých projektov zameraných na vytvorenie odborných učební, čím sa vytvoria predpoklady pre zabezpečenie prístupu ku kvalitnejším verejným službám v oblasti povinnej školskej dochádzky a výchovy.',NULL,'rekonstrukcia_a_vybavenie_odbornych_ucebni','REALIZACIA','INWORK',NULL),(3,'Vybudovanie denného stacionáru pre seniorov na Vavilovovej ul','2020-06-06','Cieľom projektu „Vybudovanie denného stacionáru pre seniorov na Vavilovovej ul., Bratislava“ je vybudovanie denného stacionára pre seniorov na Vavilovovej ulici č. 18 v Mestskej časti Bratislava-Petržalka',NULL,'stacionar_vavilovova','PROJEKTOVA_DOKUMENTACIA','INWORK','<p>\n    Cieľom projektu „Vybudovanie denného stacionáru pre seniorov na Vavilovovej ul.,\n    Bratislava“ je vybudovanie denného stacionára pre seniorov na Vavilovovej ulici č. 18\n    v Mestskej časti Bratislava-Petržalka. Priestory pre denný stacionár získa mestská časť\n    Bratislava-Petržalka prístavbou a nadstavbou v rámci existujúcej budovy bývalej materskej\n    školy. V rámci daného objektu ide o časť pavilónu „D“, v tesnej blízkosti existujúceho\n    Zariadenia opatrovateľskej služby na Vavilovovej ulici. Kapacita novovybudovaného\n    denného stacionára je 24 klientov denne, s čím súvisí aj a zabezpečenie potrebného počtu\n    zamestnancov v rámci personálu. \n    </p>\n    <p>\n    Novozriadený denný stacionár bude včlenený do bežnej zástavby mestskej časti\n    Bratislava-Petržalka a bude primerane vzdialený od už existujúceho Zariadenia\n    opatrovateľskej služby. Predmetné Zariadenia opatrovateľskej služby prevádzkuje Stredisko\n    sociálnych služieb Petržalka, ktoré je v zriaďovateľskej pôsobnosti mestskej časti BratislavaPetržalka). Stredisko sociálnych služieb bude tiež prevádzkovateľom novozriadeného\n    denného stacionára. \n    </p>\n    <p>\n    Ambulantné sociálne služby poskytované v dennom stacionári budú zabezpečované\n    oddelene (personálne aj priestorovo) od sociálnych služieb spojených s bývaním. Ambulantné\n    služby budú síce poskytované v jednom objekte, ale obe zariadenia - a to tak existujúce\n    Zariadenie opatrovateľskej služby ako aj novozriadený denný stacionár - budú mať \n    k dispozícii samostatné vchody, čím bude zabezpečené zreteľné oddelenie pobytovej sociálnej\n    služby a ambulantnej sociálnej služby. Odborný personál pre pobytovú a ambulantnú sociálnu\n    službu bude v rámci oboch zariadení tiež zabezpečený oddelene.\n    </p>\n    <p>\n    Cieľom denného stacionára je zabezpečovanie odborných služieb, ktoré zodpovedajú\n    potrebám seniorov so zohľadnením ich potrieb, prirodzených vzťahov, ktoré slúžia\n    k zvyšovaniu kvality života seniorov z dôvodu ich veku a odkázanosti. Rekonštrukciou,\n    rozšírením a modernizáciou stavebného objektu pre vytvorenie priestorových podmienok na\n    poskytovanie a zabezpečenie komunitnej starostlivosti v súlade s princípmi\n    deinštitucionalizácie bude zriadený denný stacionár, ktorý umožní:\n    </p>\n    <ul>\n    <li>ľahší prístup k efektívnejším verejným a sociálnym službám;</li>\n    <li>rozvoj služieb na komunitnej úrovni pre 24 klientov odkázaných na sociálnu službu;</li>\n    <li>rodinným príslušníkom klientov denného stacionára zotrvať v pracovnom procese, čím nebude ohrozený ich sociálny štandard.</li>\n    </ul>\n    <h2>Dispozičné a stavebné riešenie</h2>\n    \n    <h4>Nadzemné podlažie</h4>\n    <ul>\n    <li>V 1. nadzemnom podlaží bude situovaný hlavný vstup do objektu, ktorý bude krytý markízou. Napravo bude nové schodisko a výťah, čím bude zabezpečená bezbariérovosť v rámci oboch podlaží objektu sociálneho zariadenia. Naľavo bude izolačná miestnosť s kúpeľňou a WC. V strednej časti objektu bude situované sociálne jadro, kde je umiestnené WC pre mužov a ženy;</li>\n    <li>V ľavej, juhozápadnej časti objektu bude denná miestnosť pre seniorov na vykonávanie denných aktivít. Cez krátku chodbu bude prepojenie do odpočinkovej miestnosti, ktorá bude mať okná orientované na sever. Podľa najnovšej legislatívy bude potrebné tento priestor vybaviť polohovateľným kreslom alebo lôžkom pre každého klienta;</li>\n    <li>V severovýchodnej časti bude stravovacie zázemie. Predpokladáme dovoz stravy, čiže uvažuje sa len s výdajom. Priestor bude rozdelený na vlastný výdaj, prípravu stravy a umývanie riadu. Jedáleň bude obsluhovať 24 klientov;</li>\n    <li>Ďalej sa v tomto podlaží bude nachádzať kúpeľňa s WC s vybavením pre imobilných klientov – vozíčkarov. Kancelária pre personál bude situovaná v severnej časti objektu. Pod ramenom schodiska bude priestor pre upratovačku s priestorom pre odkladanie čistiacich prostriedkov. 1. nadzemné podlažie bude mať maximálnu kapacitu 16 klientov.</li>\n    </ul>\n    <h4>Nadzemné podlažie</h4>\n    <ul>\n    <li>V 2. nadzemnom podlaží budú situované priestory pre seniorov v podobe dennej miestnosti pre vykonávanie denných aktivít. Cez krátku chodbu bude prepojenie do odpočinkovej miestnosti, ktorá bude mať okná orientované na sever. Ďalej budú v rámci 2. Nadzemného podlažia nutné prevádzkové priestory. Prístupné bude schodiskom a výťahom z 1. nadzemného podlažia;</li>\n    <li>Hygienické zariadenia budú situované v centrálnej časti tak, aby boli sústredené pri stúpačkách z 1. NP. Miestnosť pre dekontamináciu zdravotných pomôcok bude vybavená výlevkou a umývadlom a priestorom pre odkladanie dezinfekčných prostriedkov. V zadnom trakte bude miestnosť pre pranie bielizne a priestor na sušenie, žehlenie a skladovanie čistej bielizne. 2. Nadzemné podlažie bude mať kapacitu 8 klientov.</li>\n    </ul>'),(4,'Športovo Rekreačný Areál Pri ČOV','2021-06-22','Zámerom urbanistického návrhu je športovo-rekreačný kampus, výškovo diferencovaná krajina s halovými športovými objektmi, externými športoviskami, zariadeniami občianskej vybavenosti nadväzujúcimi na hlavnú funkciu /napr. ubytovne, hotely, penzióny/ a pobytovou a parkovou zeleňou',1,'sportovo_rekreacny_areal_pri_COV','URBANISTICKY_NAVRH','INWORK','<p>\n    Riešené územie urbanistickej štúdie sa nachádza východne od Dolnozemskej cesty. Jej\n    priestorové ohraničenie tvorí: Betliarska ulica, resp. Sitnianska ulica, Dolnozemská cesta,\n    vozovňa Petržalka, vrátane prístupovej komunikácie, miestna komunikácia k ČOV, resp.\n    parcely v rámci funkčnej plochy vo vlastníctve VÚC.\n    </p>\n    <p>\n    Zámerom urbanistického návrhu je športovo-rekreačný kampus, výškovo\n    diferencovaná krajina s halovými športovými objektmi, externými športoviskami,\n    zariadeniami občianskej vybavenosti nadväzujúcimi na hlavnú funkciu /napr. ubytovne,\n    hotely, penzióny/ a pobytovou a parkovou zeleňou. Územie je urbanisticky členené na severnú\n    časť /zóna D/ a južnú časť /zóna E/.\n    </p>\n    <p>\n    Spracovateľom urbanistickej štúdie je spoločnosť MV ARCHITECTURE s.r.o.,\n    Bratislava. BSK zabezpečuje prerokovanie štúdie prostredníctvom Ing. arch. Jany Zlámalovej,\n    odborne spôsobilej osoby pre obstarávanie ÚPP a ÚPD.\n    </p>\n    <p>\n    Urbanistická štúdia je spracovaná v dvoch variantoch „A“ a „B“. Variantné riešenie\n    vychádza zo zadania Bratislavského samosprávneho kraja, ktoré pre ťažiskové územie\n    urbanistického bloku E2 južného sektoru /vo vlastníctve BSK/ požaduje overenie umiestnenia\n    mestského pobytového parku so športovo-rekreačnou funkciou.\n    </p>'),(5,'Polyfunkčný dom na Humenskom námestí','2020-06-23','Novostavba polyfunkčného domu s 1 podzemným a 4 nadzemnými podlažiami, s 2 priestormi obchodu a služieb, komunitnými priestormi, administratívnymi priestormi pre 23 zamestnancov (9 nebytových priestorov) a 27 bytmi. Dopravná obsluha objektu bude zabezpečená po \njestvujúcich miestnych komunikáciách a parkovisku (Jasovská ul., Humenské nám). Súčasťou riešenia je aj nové parkovanie - v garáži na 1. podzemnom podlaží 26 státí s obsluhou autovýťahom s obojstranným vjazdom, pod budovou na úrovni 1. nadzemného podlažia (4 státia) a na vonkajšom parkovisku (24 státí), z čoho je 7 státí náhradou za stavbou zabraté jestvujúce parkovacie miesta.',3,'humenske_namestie','UZEMNE_KONANIE','INWORK','Novostavba polyfunkčného domu s 1 podzemným a 4 nadzemnými podlažiami, s 2 priestormi obchodu a služieb, komunitnými priestormi, administratívnymi priestormi pre 23 zamestnancov (9 nebytových priestorov) a 27 bytmi. Dopravná obsluha objektu bude zabezpečená po jestvujúcich miestnych komunikáciách a parkovisku (Jasovská ul., Humenské nám). Súčasťou riešenia je aj nové parkovanie - v garáži na 1. podzemnom podlaží 26 státí s obsluhou autovýťahom s obojstranným vjazdom, pod budovou na úrovni 1. nadzemného podlažia (4 státia) a na vonkajšom parkovisku (24 státí), z čoho je 7 státí náhradou za stavbou zabraté jestvujúce parkovacie miesta.'),(6,'Polyfunkčný dom Topoľčianska','2020-06-27','Polyfunkčný objekt s prevládajúcou funkciou bývania (68 %) s 8 nadzemnými a 2 podzemnými podlažiami, dopravne prístupným cez jestvujúce miestne komunikácie. V objekte sú priestory obchodu (10), služieb, administratívy (16) a bývania (60). Navrhnuté sú 2 dopravné vjazdy – rampa do garáže na 1. a 2. podzemnom podlaží (78 parkovacích miest) a priamy vjazd na spevnenú plochu na teréne (20 parkovacích miest).',7,'polyfunkcny_dom_topolcianska','UZEMNE_KONANIE','INWORK','<p>\n    Polyfunkčný objekt s prevládajúcou funkciou\n    bývania (68 %) s 8 nadzemnými a 2 podzemnými podlažiami, dopravne prístupným cez jestvujúce\n    miestne komunikácie. V objekte sú priestory obchodu (10), služieb, administratívy (16) a bývania\n    (60). Navrhnuté sú 2 dopravné vjazdy – rampa do garáže na 1. a 2. podzemnom podlaží (78\n    parkovacích miest) a priamy vjazd na spevnenú plochu na teréne (20 parkovacích miest). \n    </p>\n    <p>\n    Územie je súčasťou aktuálne spracovávanej urbanistickej štúdie centrálnej rozvojovej osi (CRO)\n    Petržalky. Pripravovaná štúdia sa zaoberá prehodnotením rozvoja územia pozdĺž severojužnej osi\n    okolo Chorvátskeho ramena v Mestskej časti Bratislava-Petržalka a návrhom zmien a doplnkov\n    ÚPN 2007 HM SR Bratislavy v znení zmien a doplnkov v danej lokalite.\n    </p>\n    <p>\n    Predložený IZ s prihliadnutím na majetko-právne vzťahy v území nebráni rozvoju územia v zmysle\n    pripravovanej urbanistickej štúdie Centrálnej rozvojovej osi Petržalka (ďalej CRO). Objekt svojou\n    hmotou a úpravou okolia neblokuje zámery v zmysle pripravovanej štúdie CRO a Navrhované\n    komunikácie a plochy situuje v rámci parcely vo vlastníctve predkladateľa. \n    </p>'),(7,'Urban E','2020-07-05','Medzinárodný projekt URBAN-E je zameraný na rozvoj elektromobility, podporu rozširovania infraštruktúry elektronabíjacích staníc a prepojenia na iné druhy dopravy, na znižovanie znečistenia ovzdušia v hlavných mestách Slovinska, Chorvátska a Slovenska – v Ľubľane, Záhrebe a Bratislave.',NULL,'urban-e','PRIPRAVA_PROJEKTU','INWORK','<p>\n    Medzinárodný projekt URBAN-E je zameraný na rozvoj elektromobility, podporu\n    rozširovania infraštruktúry elektronabíjacích staníc a prepojenia na iné druhy dopravy, na\n    znižovanie znečistenia ovzdušia v hlavných mestách Slovinska, Chorvátska a Slovenska – v\n    Ľubľane, Záhrebe a Bratislave.\n    </p>\n    <p>\n    V rámci navrhovaného projektu sa v mestách Bratislava, Ľubľana a Záhreb postaví celkom\n    167 nabíjacích staníc pre elektromobily z toho 144 ks na striedavý prúd AC (doba nabitia\n    v priebehu niekoľkých hodín) a 23 ks rýchlonabíjacích staníc na jednosmerný prúd DC (doba\n    nabitia cca. 20 minút). Pre mesto Bratislava je z toho naplánovaných 50 ks AC a 5 ks DC\n    staníc, ktorých inštaláciu zabezpečí kompletne Západoslovenská energetika. Nabíjacie\n    stanice budú spĺňať všetky zodpovedajúce štandardy nabíjania (CCS, CHAdeMO, Typ 2)\n    a budú plne interoperabilné v rámci slovenskej aj celoeurópskej siete nabíjacích staníc.\n    Zabezpečí sa tak okrem iného aj bezproblémové nabíjanie elektromobilov prichádzajúcich do\n    hlavného mesta zo zahraničia.\n    </p>'),(8,'Projekt revitalizácie Námestia Republiky','2020-07-14','V súčasnosti sa spevnená časť námestia využíva na spoločenské a kultúrne podujatia mestskej časti. Už tradične sa tu konajú navštevované Petržalské vianočné trhy. Plocha bývalého parkoviska susediaca s Chorvátskym ramenom slúži ako spomínaný skatepark. ',NULL,'revitalizacia_namestia_republiky','ARCHITEKTONICKA_SUTAZ','INWORK','V súčasnosti sa spevnená časť námestia využíva na spoločenské a kultúrne podujatia mestskej časti. Už tradične sa tu konajú navštevované Petržalské vianočné trhy. Plocha bývalého parkoviska susediaca s Chorvátskym ramenom slúži ako spomínaný skatepark. Priestor námestia však nemá jasne zadefinovanú funkciu a využitie. Výsledkom je do značnej miery zdevastované a chátrajúce územie, poškodzované vandalmi. Aj obyvatelia ho vnímajú ako zanedbané. No jeho poloha, veľkosť i pomerne jednoduchý prístup k elektrickému napojeniu mu poskytujú veľký potenciál do budúcnosti, napríklad na organizovanie ďalších spoločenských a kultúrnych podujatí.'),(9,'Škola Južné mesto','2020-07-29','Škola je situovaná v rozvojovom území na pozemku s funkčným využitím občianska vybavenosť celomestského a nadmestského významu kód 201, severozápadná časť budovy je umiestňovaná na hranicu funkčnej plochy sadovnícke a lesoparkové úpravy, kód funkcie 1110. Návrh plôch pre školskú \ntelesnú výchovu a šport je riešený ako športový areál s bežeckým oválom 250 m + 100 m dráhou a multifunkčným ihriskom 20 x 40 m. ',8,'skola_juzne_mesto','UZEMNE_KONANIE','INWORK','<ul>\n      <li>základná škola – kompletných 47 tried - 940 žiakov</li>\n      <li>stredná škola – počet tried 12 - 240 žiakov</li>\n      <li>materská škola – počet tried 3 - 60 žiakov</li>\n    </ul>\n    <p>\n    Spolu 1 240 detí. Škola je situovaná v rozvojovom\n    území na pozemku s funkčným využitím občianska vybavenosť celomestského a nadmestského\n    významu kód 201, severozápadná časť budovy je umiestňovaná na hranicu funkčnej plochy\n    sadovnícke a lesoparkové úpravy, kód funkcie 1110. Návrh plôch pre školskú telesnú výchovu\n    a šport je riešený ako športový areál s bežeckým oválom 250 m + 100 m dráhou a multifunkčným\n    ihriskom 20 x 40 m. Športový areál je z prevažnej časti situovaný na pozemku s funkčným využitím\n    občianska vybavenosť celomestského a nadmestského významu kód 201, malá časť na pozemku\n    s funkčným využitím viacpodlažná zástavba obytného územia, číslo funkcie 101 a do územia so\n    stanoveným funkčným využitím parky, sadovnícke a lesoparkové úpravy kód funkcie 1110\n    zasahuje časťou bežeckého oválu\n    </p>'),(10,'Výťahové parkovacie domy','2020-10-27','Zámer budovania výťahových parkovacích domov spoločnosťou UpDown Parking v Petržalke',10,'vytahove-parkovacie-domy','INVESTICNY_ZAMER','INWORK','Zámer budovania výťahových parkovacích domov spoločnosťou UpDown Parking v Petržalke.'),(11,'Nové Domino na Jasovskej ulici','2021-07-22','Skelet nedokončenej stavby stojí na pozemku, ktorý je podľa platného územného plánu určený na výstavbu bývania. Projekt má stále platné a nezrušiteľné územné rozhodnutie. Neexistuje teda legálny a právny spôsob, ako stavbu odstrániť, no ak by sa v nej nepokračovalo ďalej, schátraný skelet by pravdepodobne zotrval na svojom mieste ešte veľmi dlhý čas.',23,'nove_domino_jasovska','UZEMNE_KONANIE','INWORK','Skelet nedokončenej stavby stojí na pozemku, ktorý je podľa platného územného plánu určený na výstavbu bývania. Projekt má stále platné a nezrušiteľné územné rozhodnutie. Neexistuje teda legálny a právny spôsob, ako stavbu odstrániť, no ak by sa v nej nepokračovalo ďalej, schátraný skelet by pravdepodobne zotrval na svojom mieste ešte veľmi dlhý čas.'),(12,'Viacúčelová športová hala – univerzitné športové centrum pri EU','2020-11-02','Viacúčelová športová hala bude mať hraciu plochu minimálne 42x24 metrov s grafickým vyznačením viacerých ihrísk pre rôzne športy (volejbal, basketbal, futsal, florbal, hádzaná či bedminton), 8 šatní s celkovou kapacitou 130 športovcov, šatňami pre trénerov a rozhodcov a taktiež priestory pre relax a regeneráciu športovcov.',24,'viacucelova_sportova_hala','UZEMNE_KONANIE','INWORK',' Predložená projektová dokumentácia rieši novostavbu viacúčelovej športovej haly\nobdĺžnikového pôdorysu, so zastrešením z priehradových väzníkov v tvare lomenice, ktorej hrebene\ndosiahnu výšku max. + 13,000 m (od podlahy 1. NP ± 0,000, čo je 149,000 m n. m. Bpv).\nVyužívaná bude pre potreby výuky a rozvoja športových a pohybových aktivít študentov\na zamestnancov Ekonomickej univerzity v Bratislave (ďalej len „EU BA“). Priečelie budovy tvorí\nvystupujúci jednopodlažný trakt, kde sa nachádzajú vstupné priestory, hygienické zariadenia\npre divákov a ďalšie prevádzkové priestory. Dominantná časť stavby je dispozične rozdelená na dve\nčasti: samotnú športovú halu s tribúnou pre 230 divákov a na zázemie pre športovcov, kde sú\nna dvoch výškových úrovniach rozmiestnené šatne, sociálne zariadenia a prislúchajúce prevádzkové\npriestory.\nObjekt bude dopravne napojený z komunikácie – Májová ulica, odkiaľ sa jedným vjazdom\nsprístupní navrhované parkovisko pre 20 osobných automobilov. Požiadavky na zabezpečenie\nstatickej dopravy predmetnej športovej haly pre ďalších 63 áut budú splnené zástupným\nparkovaním na jestvujúcich parkoviskách v areáli EU BA.'),(13,'Bratislavský dunajský park','2020-11-03','Hlavným cieľom zriadenia a vybudovania Bratislavského dunajského parku je vytvoriť prijemné estetické a prírodné prostredie. Miera upravenosti a organizovanosti bude rôzna, tak ako je to aj v súčasnosti. Park bude integrovať miesta rôzneho charakteru',26,'dunajsky_park','UZEMNE_KONANIE','INWORK','<p>\n    Dunaj, so svojimi brehmi, lužnými lesmi, plážami, ramenami a ostrovmi je pre Bratislavu, jej\n    obyvateľov a návštevníkov, strategickým a zásadným prírodným prvkom a nositeľom\n    identity. Pre Bratislavu, ako hlavné mesto a centrum regiónu s presahom hraníc, má Dunaj\n    dôležitý význam pre životne prostredie, pre kvalitu života ľudí a udržateľný hospodársky\n    rozvoj. Predložená štúdiá definuje a opisuje prírodné územie pri Dunaji v Bratislave ako\n    Bratislavsky dunajsky park (BDP), ktorý ma slúžiť ľuďom na oddych a záujmové aktivity v\n    prírodnom prostredí Dunaja v dotyku s mestom, a tak prispievať k vyššej kvalite života\n    obyvateľov a návštevníkov Bratislavy.\n    <p></p>\n    Hlavnou ambíciou zriadenia a vybudovania BDP je zvýšenie kvality života ľudí v súlade s\n    princípom spolužitia s prírodou. V rámci toho sleduje BDP nasledujúce ciele:\n    <ul>\n    <li>Využiť potenciál Dunaja v Bratislave na oddych, rekreáciu a šport v prírodnom prostredí</li>\n    <li>Vytvoriť ucelene prepojene územie pozdĺž Dunaja integrujúce ľudské aktivity a prírodné\n    prostredie (zachovajme oázy a vnímajme celok)</li>\n    <li>Prepojiť vhodne BDP s ďalšími atraktívnymi územiami aj za ochrannou protipovodňovou\n    líniou</li>\n    <li>Zabezpečiť prístup ľudí do územia BDP, vytvoriť pozdĺžne prepojenie chodníkmi pozdĺž\n    Dunaja (pokiaľ možno priamo pri brehu), ako aj priečne vstupy do územia na vhodných\n    miestach</li>\n    <li>Zjednodušiť prístup do územia BDP vytvorením premostenia Dolnozemskej cesty, ktoré by\n    formou chodníka v korunách stromov zároveň prepájalo Chorvátske rameno v oblasti\n    Draždiaku so Starohájskym ramenom</li>\n    <li>Vytvoriť viac miest umožňujúcich pobyt pri vode, vstup do vody a kúpanie priamo na\n    brehu Dunaja</li>\n    <li>Zachovať a rešpektovať existujúce chránené prírodné územia a zveľaďovať ich</li>\n    <li>Zachovať s obnoviť laterálnu a pozdĺžnu konektivitu Dunaja a jeho bočných ramien</li>\n    <li>Obnoviť prírodný charakter brehov predovšetkým v chránených územiach a tam, kde to\n    umožňujú hydraulické a hydromorfologické podmienky</li>\n    <li>Na úsekoch kde hydraulické a hydromorfologické podmienky vyžadujú opevnenie brehu,\n    vytvoriť na vhodných miestach prírode blízku alternatívu opevnenia, lokálne prijemne\n    prístupy až k vode, vyhliadkové a odpočinkové miesta pre ľudí</li>\n    <li>Obnoviť Ovsištske rameno a jeho spojenie s Dunajom na jeho vtokovej a výtokovej časti</li>\n    <li>Prečistiť Starohájske rameno a prepojiť ho s Dunajom v mieste jeho historickej vtokovej\n    časti</li>\n    <li>Prepojiť Starohájske rameno s Jarovským ramenom (pri obnove ramien budú používané\n    prírodné, prírode blízke a estetičke úpravy a vhodne zakrivene trasy v maximálnej miere\n    vychádzajúce z historickej polohy ramien v minulosti)</li>\n    <li>Revitalizačne úpravy a opatrenia navrhnúť a realizovať tak, aby boli udržateľne a čo\n    najstabilnejšie</li>\n    <li>Vytvoriť miesto na vodácke táborisko</li>\n    <li>V chránených územiach Pečniansky les, Soví les a Starý haj revitalizovať brehy a bočne\n    ramena v maximálnej miere ktorá neohrozí protipovodňovú ochranu a plavbu</li>\n    <li>V chránených územiach Pečniansky les, Soví les a Starý haj, ktoré sú v intraviláne mesta,\n    umožniť pohyb osôb po vyznačených chodníkoch a vodáckych trasách</li>\n    <li>V chránenom území Dunajské ostrovy umožniť pohyb ľudí iba chodníkmi po jeho obvode</li>\n    <li>Nájsť vhodnú polohu pre budovu správy parku a návštevníckeho centra BDP ako priestoru\n    pre osvetove a rôzne voľno časove aktivity spojene s BDP.</li>\n    </ul>\n    <p>\n    Predmetne územie prechádza od Rakúskych hraníc cez centrum mesta až k maďarským\n    hraniciam, kopíruje koryto Dunaja a zahŕňa najmä záplavové územia, ktoré je ťažké využiť\n    ekonomicky a preto ostali dodnes neurbanizovane. Nachádzajú sa v ňom vzácne zbytky\n    ramenného systému, prírodné rezervácie Starý haj, Dunajské ostrovy a Ostrovne lúčky, ako\n    aj chránené areály Pečniansky les, Soví les, Chorvátske rameno a Hrabiny, prírodné lužne\n    lesy, ako aj množstvo ďalších prírodných útvarov, ale aj produkčne plantáže nepôvodných\n    topoľov kanadských a iné hospodársky využívané plochy.\n    <p></p>\n    V centre mesta sa zamýšľaný Bratislavsky dunajsky park dotýka Sadu Janka Kráľa,\n    najstaršieho verejného parku v strednej Európe, nižšie po prúde plynulo prechádza\n    do lesoparku v Rusovciach a ďalej do parku okolo neogotického kaštieľa. Pri rakúskych\n    hraniciach a tiež na riečnom kilometri 1862 sa nachádzajú zachovalé objekty opevnenia\n    bratislavského predmostia z roku 1938.\n    <p></p>\n    Budovy v tomto území nie sú prípustné, s výstavbou neráta ani územný plán. Pozemky na\n    miestach revitalizačných uprav sú vo vlastníctve viacerých organizácií .\n    Hlavným cieľom zriadenia a vybudovania Bratislavského dunajského parku je vytvoriť\n    prijemné estetické a prírodné prostredie. Miera upravenosti a organizovanosti bude rôzna, tak\n    ako je to aj v súčasnosti. Park bude integrovať miesta rôzneho charakteru. Od upraveného\n    nábrežného parku, vhodne upravené, ale aj prírodné brehy, po pravú dunajskú džungľu v\n    chránenom území Soví les, či pri Starohájskom ramene. Popri tom aj intenzívne ľudské\n    aktivity, napríklad veslársku lodenicu a reštaurácie Aušpic, Aucafe, divadlo Aréna, alebo\n    územie Zemníka, kde v susedstve dunajskej džungle rastie športový areál kanoistiky a\n    veslovania v symbióze s aktivitami rybárskeho zväzu.\n    <p></p>\n    Na niektorých miestach bude vývoj ponechaný na prírodu, ale veľká časť územia je v meste a\n    ta bude prevádzkovaná v súlade s rôznymi funkciami a existujúcimi ľudskými aktivitami.\n    Ambíciou je územie otvoriť, kultivovať (najmä v priamom kontakte so zastavaným obytným\n    územím Petržalky), ale aj chrániť. Spôsob ochrany bude potrebne zvážiť a dať mu vhodný\n    rámec, dohodnúť spôsob prevádzkovania územia s dôležitými aktérmi, napríklad vhodne\n    spôsoby manažmentu toku, ochrany vodných zdrojov a lesa. Zámer je plne kompatibilný\n    s ideou Národného parku Podunajsko. Bratislavsky dunajsky park môže byť v budúcnosti do\n    Národného parku plne začlenený, ale môže fungovať aj bez neho.\n    <p></p>\n    Významnou súčasťou Bratislavského dunajského parku budú aj ramena Dunaja. Idea\n    Bratislavského dunajského parku ma podporu aj v oficiálnych strategických dokumentoch a\n    legislatíve. Na prvom mieste je to Rámcová smernica o vodách Európskej Únie, ďalej\n    európska Smernica o biotopoch (Natura 2000), Spoločne vyhlásenie o hlavných zásadách\n    rozvoja vnútrozemskej lodnej dopravy a ochrane životného prostredia v povodí rieky Dunaj,\n    výstupy pracovnej skupiny RiverLab Dunajského fondu, atď. Príslušné revitalizačne úpravy\n    brehov a ramien Dunaja na tomto území by sa tiež mali dostať do aktualizácie Vodného plánu\n    Slovenska pre čiastkové povodie Dunaja.\n    </p>'),(14,'Nájomné byty, Muchovo námestie','2020-11-05','',27,'najomne_byty_muchovo_namestie','UZEMNE_KONANIE','INWORK',NULL),(15,'Samoobslužná autoumyváreň, Petržalka Juh','2020-11-05','Autoumyváreň na Panónskej ceste.',NULL,'samoobsluzna_autoumyváren_petrzalka_juh','UZEMNE_KONANIE','INWORK','<p>\n    Predložená dokumentácia rieši: umiestnenie objektu samoobslužnej autoumyvárne pre osobné\n    autá – 2 nepodpivničené jednopodlažné objekty, (spolu 8 umývacích boxov, kapacita 200\n    vozidiel/deň), vrátane zásobníka propánu, odstavných priestorov a komunikačných priestorov.\n    V rámci riešeného areálu sa nachádza aj plocha, určená pre umiestnenie stavby čerpacej stanice\n    pohonných hmôt, ktorá je však riešená samostatnou dokumentáciou a bude predmetom\n    samostatného posudzovania.\n    </p>\n    <p>\n    Dopravná obsluha areálu je navrhnutá po účelových komunikáciách riešeného areálu s dopravným\n    pripojením (vjazdom/výjazdom) na priľahlú obslužnú komunikáciu v území Južného mesta – zóna\n    A ( Labutia ulica), s následným pripojením na Panónsku cestu.\n    </p>'),(16,'Samoobslužná autoumyváreň Panónska cesta, Bratislava','2020-11-05','Autoumyváreň na Panónskej ceste.',NULL,'samoubsluzna_autoumyvaren_juh','UZEMNE_KONANIE','INWORK',NULL),(17,'Skladovo-prevádzkový areál - DEKTER, s.r.o.','2020-11-05','',NULL,'skladovo_prevadzkovy_areal_dekter','UZEMNE_KONANIE','INWORK',NULL),(18,'X-Box skladové priestory','2020-11-05','',NULL,'xbox_skladove_priestory','INVESTICNY_ZAMER','INWORK',NULL),(19,'Golfvillage ','2020-11-07','Dokumentácia sa funkciou, usporiadaním a kapacitou obytnej zóny zaoberá iba schematicky, \nriešením je návrh komunikačnej siete zóny s dopravným pripojením na nadradenú komunikačnú sieť (cestu I/2) cez miestnu komunikáciu vo výstavbe (FT C3 – vetva Y – vydané je stavebné povolenie) pre \nsusednú dočasnú stavbu golfového klubu Energau. ',28,'golfvillage_janikovske_pole','UZEMNE_KONANIE','INWORK','<p>\n    Dokumentácia sa funkciou, usporiadaním a kapacitou obytnej zóny zaoberá iba schematicky,\n    riešením je návrh komunikačnej siete zóny s dopravným pripojením na nadradenú komunikačnú\n    sieť (cestu I/2) cez miestnu komunikáciu vo výstavbe (FT C3 – vetva Y – vydané je stavebné\n    povolenie) pre susednú dočasnú stavbu golfového klubu Energau.\n    </p><p>\n    Komunikačná sieť obytnej zóny je tvorená sieťou miestnych komunikácií funkčnej triedy B2\n    (navrhnutá kategória MZ 13,5) – vetva A (s dočasným obratiskom pre autobusovú MHD), funkčnej\n    triedy C2 (navrhnuté kategórie MOU 7,5) – vetvy B, C, K, funkčnej triedy D1 - vetvy D, E, F, G,\n    H1, H2, I, J a priľahlými resp. samostatnými chodníkmi; schematické usporiadanie budúcej\n    zástavby umožňuje výhľadové predĺženie vetvy A a B do susedného územia.\n    </p><p>\n    Statická doprava pre budúcu zástavbu sa uvažuje pre funkciu bývania v rodinných domoch výlučne\n    v rámci vlastných pozemkov, v hromadných garážach integrovaných do polyfunkčných objektov\n    a vytvorením exteriérových parkovacích miest v rámci hlavného dopravného priestoru zbernej\n    komunikácie (vetva A). Konkrétne riešenie statickej dopravy nie je predmetom predloženej\n    dokumentácie, nároky budú bilancované v samostatných dokumentáciách.\n    </p><p>\n    Podľa tabuľky predpokladaných kapacít územia v obytnej zóne bude 54 RD, bytové domy (289\n    b.j.), občianska vybavenosť (149 zamestnancov, 14 822 m2 úžitkovej plochy) \n    </p>'),(20,'Bytový dom Habern Au','2020-11-11','Bytový dom Habern Au na ulici A. Gwerkovej.',NULL,'habern_au','UZEMNE_KONANIE','INWORK','Bytový dom Habern Au na ulici A. Gwerkovej.'),(21,'Hotel Sphinx','2020-11-11','Hotel bude čiastočne podpivničený, s 8 nadzemnými podlažiami, z toho 2 ustúpené. V objekte sa nachádza raňajkáreň/kaviareň, recepcia, 2 byty, 16 hotelových izieb a prislúchajúce zázemie hotela.',31,'hotel_sphinx','UZEMNE_KONANIE','INWORK','<p>\n    Projekt rieši umiestnenie stavby hotela v lokalite na Kopčianskej ulici,\n    v súčasnosti zastavaným bývalou výrobnou halou, ktorá bude asanovaná. Hotel bude čiastočne\n    podpivničený, s 8 nadzemnými podlažiami, z toho 2 ustúpené. V objekte sa nachádza\n    raňajkáreň/kaviareň, recepcia, 2 byty, 16 hotelových izieb a prislúchajúce zázemie hotela.\n    </p><p>\n    Dopravný prístup k objektu je uvažovaný z priľahlej komunikácie Kopčianska ulica využitím\n    jestvujúceho dopravného pripojenia a upravených areálových komunikácií na pozemkoch investora\n    v susednom areáli skladov, v ktorom je riešená aj statická doprava pre potreby hotela v počte 18\n    PM (SO 03 Cesty a spevnené plochy). Ako súčasť stavby bude pred objektom hotela priamo na\n    Kopčianskej ulici vybudované miesto pre krátkodobé zastavenie motorového vozidla (taxi), vrátane\n    úpravy priľahlého chodníka a cyklotrasy (SO 02 Úprava chodníka a cyklotrasy).\n    </p>'),(22,'Parkovací dom, Panónska ul.','2020-11-22','parkovací dom uvažuje v 1. podzemnom podlaží prevádzku autoservisu, 4 nadzemné podlažia a strecha objektu sú určené pre parkovanie, s kapacitou 93 parkovacích miest. 6 parkovacích miest je umiestnených na teréne pred objektom.',NULL,'parkovaci_dom_panonska','UZEMNE_KONANIE','INWORK','<p>\n    Umiestnenie parkovacieho domu ako I. etapy v lokalite, kde je\n    v súčasnosti nefunkčný objekt servisného centra PEUGEOT, určený na asanáciu. Pre dotknuté\n    územie bola spracovaná Urbanistická štúdia Panónska – Dolnozemská (čistopis 05/2019), ako\n    podklad pre schválenie zmien a doplnkov Územného plánu hlavného mesta SR Bratislavy, rok 2007\n    v znení zmien a doplnkov. V II. etape bude na pozemku na mieste asanovaného objektu servisného\n    centra PEUGEOT umiestnený investičný zámer v zmysle uvedenej štúdie až po schválení zmien\n    a doplnkov ÚPN hlavného mesta SR Bratislavy.\n    </p>\n    <p>\n    Aktuálne umiestňovaný parkovací dom uvažuje v 1. podzemnom podlaží prevádzku autoservisu, 4\n    nadzemné podlažia a strecha objektu sú určené pre parkovanie, s kapacitou 93 parkovacích miest. 6\n    parkovacích miest je umiestnených na teréne pred objektom. Príjazdová komunikácia\n    k parkovaciemu domu je riešená podľa textovej časti v dĺžke 57 m a šírky 5,50 m, s dopravným\n    pripojením na priľahlú jestvujúcu komunikáciu, s následným pripojením na Jasovskú ulicu.\n    Poloha a kapacita parkovacieho domu je z hľadiska dopravného riešenia v súlade s riešením\n    spracovanej UŠ Panónska – Dolnozemská, 25 parkovacích miest je určených pre autoservis\n    a zvyšné parkovacie miesta pre súčasnú okolitú bytovú zástavbu.\n    </p>'),(23,'Samoobslužná čerpacia stanica PHM, Petržalka Juh','2020-11-22','Samoobslužná čerpacia stanica pohonných hmôt pre osobné autá (2 dvojproduktové stojany), navrhnutá ako samostatná stavba s dopravnou väzbou na súbežne posudzovanú stavbu „samoobslužná autoumyváreň“ t. j. s dopravnou obsluhou, využívajúcou účelové komunikácie areálu „samoobslužná autoumyváreň“ s dopravným pripojením (vjazdom/výjazdom) na priľahlú obslužnú komunikáciu v území Južného mesta – zóna A (Labutia ulica), s následným pripojením na Panónsku cestu.',NULL,'samoobsluzna_cerpacia_stanica_PHM','UZEMNE_KONANIE','INWORK','Samoobslužná čerpacia\n    stanica pohonných hmôt pre osobné autá (2 dvojproduktové stojany), navrhnutá ako samostatná\n    stavba s dopravnou väzbou na súbežne posudzovanú stavbu „samoobslužná autoumyváreň“ t. j.\n    s dopravnou obsluhou, využívajúcou účelové komunikácie areálu „samoobslužná autoumyváreň“\n    s dopravným pripojením (vjazdom/výjazdom) na priľahlú obslužnú komunikáciu v území Južného\n    mesta – zóna A (Labutia ulica), s následným pripojením na Panónsku cestu.\n    Údaje k zámeru v zmysle predloženej dokumentácie, spracovanej a potvrdenej subjektom odborne\n    spôsobilým (Ing. Ján Virostko, 11/2019). '),(24,'Administratívna budova, Kopčianska','2020-11-23','Trojpodlažná nepodpivničená administratívna budova, slúžiaca pre potreby riadenia spoločnosti, s 1 služobným bytom na 3. nadzemnom podlaží a extenzívnou vegetačnou strechou. Súčasťou riešenia bude aj dopravné pripojenie z priľahlej miestnej komunikácie Kopčianskej ulice a parkovanie na spevnených plochách na vlastnom pozemku v počte 7 parkovacích miest.',NULL,'administrativna_budova_kopcianska','UZEMNE_KONANIE','INWORK','Trojpodlažná nepodpivničená administratívna\n    budova, slúžiaca pre potreby riadenia spoločnosti, s 1 služobným bytom na 3. nadzemnom podlaží\n    a extenzívnou vegetačnou strechou. Súčasťou riešenia bude aj dopravné pripojenie z priľahlej\n    miestnej komunikácie Kopčianskej ulice a parkovanie na spevnených plochách na vlastnom\n    pozemku v počte 7 parkovacích miest.\n    Údaje k zámeru v zmysle predloženej dokumentácie, spracovanej a potvrdenej subjektom odborne\n    spôsobilým (Ing. arch. Daniel Kubiš, 04/2020).'),(25,'Polyfunkčný objekt Septimo II - Offices','2020-11-23','Polyfunkčný päť podlažný objekt s dvomi podzemnými a s tromi nadzemnými podlažiami, kde 3.NP je uskočené. Podzemné podlažia slúžia ako garáž a príslušenstvo (sklady a technické priestory), na 1.NP sú navrhnuté obchodné priestory a na 2. – 5.NP sú navrhnuté byty – 20 bytových jednotiek. ',35,'polyfunkcny_objekt_septimo_II_offices','UZEMNE_KONANIE','INWORK','<p>\n    Výstavba polyfunkčného päť podlažného objektu s dvomi podzemnými a s tromi nadzemnými podlažiami, kde 3.NP je uskočené. Podzemné podlažia slúžia ako garáž a príslušenstvo (sklady a technické priestory), na 1.NP sú navrhnuté obchodné priestory a na 2. – 5.NP sú navrhnuté byty – 20 bytových jednotiek. Objekt je mierne členitého pôdorysu s celkovými rozmermi 15,75 x 23,80 m. Pôdorysne majú podlažia mierne odlišné rozmery.\n    </p><p>\n    Dopravný prístup je riešený priamym vjazdom z priľahlej komunikácie komunikáciu Údernícka ul. Statická doprava je riešená v podzemných podlažiach objektu a na teréne na vlastnom pozemku. Predložené riešenie je predmetom II. etapy projektu, pričom I. etapa (susedný objekt), ktorá je jeho súčasťou nebola predložená na posúdenie hlavnému mestu SR Bratislava.\n    </p>'),(26,'Šrobárovo námestie','2021-01-07','Mestská časť plánuje v priestore Šrobárovho námestia vysadiť približne 50 stromov. \nĎalšie úpravy verejného priestoru sa týkajú rekonštrukcie chodníkov. Súčasťou bude aj ich rozšírenie. Následne pôjde o výmenu mobiliáru (lavičky, koše). Pribudne psí výbeh na odhľahlejšom pozemku, pitná fontánka a street-workoutové  ihrisko v areály školy.  V ďalšej etape je naplánovaná obnova tartanovej dráhy. Cieľom celej revitalizácie námestia je zachovanie najmä parkového charakteru.  \nNa stretnutí svoje námietky predostreli občania z priľahlého bytového domu so zástupcami mestskej časti, ktorí požadovali vynechanie pavilónu z projektovej dokumentácie.',36,'srobarovo_namestie','PRIPRAVA_PROJEKTU','INWORK','Mestská časť plánuje v priestore Šrobárovho námestia vysadiť približne 50 stromov. Ďalšie úpravy verejného priestoru sa týkajú rekonštrukcie chodníkov. Súčasťou bude aj ich rozšírenie. Následne pôjde o výmenu mobiliáru (lavičky, koše). Pribudne psí výbeh na odhľahlejšom pozemku, pitná fontánka a street-workoutové  ihrisko v areály školy.  V ďalšej etape je naplánovaná obnova tartanovej dráhy. Cieľom celej revitalizácie námestia je zachovanie najmä parkového charakteru.  Na stretnutí svoje námietky predostreli občania z priľahlého bytového domu so zástupcami mestskej časti, ktorí požadovali vynechanie pavilónu z projektovej dokumentácie.'),(27,'Panónska-Budatínska – čerpacia stanica pohonných hmôt','2021-04-03','Čerpacia stanica pohonných hmôt s dvomi obojstranne prístupnými stojanmi na tankovanie pre 4 autá súčasne',NULL,'cerpacia_stanica_panonska_budatinska','UZEMNE_KONANIE','INWORK','Návrh predstavuje čerpaciu stanicu pohonných hmôt s dvomi obojstranne prístupnými stojanmi \n    na tankovanie pre 4 autá súčasne a to na spevnenej ploche, prekrytej oceľovo-betónovou\n    konštrukciou s krytinou vo výške + 6,000 m. Na ňu nadväzuje jednopodlažný obslužný objekt 2\n    s plochou strechou a atikou vo výške + 4,500 m, ktorý slúži na predaj pohonných hmôt, auto-doplnkov a občerstvenia a poskytuje priestory pre hygienické zariadenie, zázemie pre zamestnancov\n    a sklad. Čerpacia stanica je dopravne napojená na komunikáciu, ktorá je spojnicou Budatínskej \n    ulice a Panónskej cesty.'),(28,'Rekonštrukcia a dostavba výrobných hál MATADOR - I. etapa','2021-04-03','Investičný zámer obsahuje rekonštrukciu časti pôvodnej haly a výstavbu troch bytových domov a dvoch penziónových domov so spoločnou podzemnou garážou. Zámerom predkladaného riešenia je využitie potenciálu lokality pre účely bývania, prechodného ubytovania, administratívy a obchodu formou urbanizácie a oživenia chátrajúceho výrobného areálu',42,'matador_I_etapa','INVESTICNY_ZAMER','INWORK','<p>\n    Predmetom dokumentácie je investičný zámer „Rekonštrukcia a dostavba výrobných hál \nMATADOR - I. etapa“, ktorý obsahuje rekonštrukciu časti pôvodnej haly a výstavbu troch \nbytových domov a dvoch penziónových domov so spoločnou podzemnou garážou. Zámerom \npredkladaného riešenia je využitie potenciálu lokality pre účely bývania, prechodného \nubytovania, administratívy a obchodu formou urbanizácie a oživenia chátrajúceho výrobného \nareálu.</p><p>\nSnahou je maximálne zachovanie pôvodných výrobných hál, ktoré definujú celý\narchitektonický koncept novonavrhovanej štruktúry. Pôvodné halové objekty budú\nrekonštruované a ich funkcia konvertovaná na administratívne účely a občiansku vybavenosť tak,\naby bol zachovaný ich industriálny charakter, ktorý bude jasne čitateľný aj v navrhovaných \nobjektoch.</p><p>\nVzájomný vzťah novej a pôvodnej stavby bude plne rozvinutý v parteri, kde všetky \nobjekty v maximálnej miere sú prepájané a necháva sa vyniknúť architektonická hodnota \nvýrobných hál a tvarová jedinečnosť ich oblúkovej konštrukcie. Výnimočnosť oblúkových hál je \ntak z ulice jasne čitateľná. V novovzniknutých nádvoriach sú situované vstupy do objektov, \nvzniká exteriérový priestor so zeleňou pre umiestňovanie terás občianskej vybavenosti, ktorý\npomáha vytvárať živý, mestotvorný parter a vnáša do ulice ďalší level zelene.\n</p><p>\nSamotná forma novonavrhovaných objektov je zvolená tak, aby vhodne dopĺňala \njestvujúci charakter a nekonkurovala halovým objektom. Ide o 5 jednoduchých kvádrových hmôt \nktoré sú striedavo vkladané medzi jestvujúce nosné moduly. Materiály fasády a jej artikulácia je \nopäť volená tak, aby nekonkurovala pôvodnému charakteru. Objekty sú dopĺňané o zavesené\noceľové balkóny, ktoré svojou formou podtrhujú industriálny charakter celého navrhovaného \nsúboru.</p>'),(29,'Polyfunkčný komplex Muchovo námestie','2021-04-03','Umiestnenie polyfunkčného komplexu budov s 8 nadzemnými podlažiami, s funkciou náhradného a nájomného bývania a prechodného ubytovania v dvoch etapách. V I. etape doskový objekt bytového domu s dvoma sekciami - nájomné bývanie – náhradné bývanie s občianskou vybavenosťou v parteri. V II. etape – garni hotel, 63 izieb/154 lôžok, vrátane doplnkových funkcií obchodu a služieb v parteri.',46,'polyfunkcny_komplex_muchovo_namestie','UZEMNE_KONANIE','INWORK','<p>\n    Umiestnenie polyfunkčného komplexu budov s 8 nadzemnými \npodlažiami, s funkciou náhradného a nájomného bývania a prechodného ubytovania v dvoch \netapách. V I. etape doskový objekt bytového domu s dvoma sekciami - nájomné bývanie, náhradné bývanie s občianskou vybavenosťou v parteri. V II. etape - garni hotel, 63 izieb/154 lôžok, vrátane doplnkových funkcií obchodu a služieb v parteri.\nPriestor medzi bytovým domom a objektom garni hotela je koncipovaný ako námestie vo väzbe na\nobčiansku vybavenosť a zelený vnútroblok. Investičný zámer je situovaný v lokalite Muchovho \nnámestia, na pozemku, ohraničenom ulicami Černyševského, na južnej strane sa nachádza \nparkovisko supermarketu Billa a východnú hranicu lemuje nový bytový dom a priemyselný areál.\n<p/><p>\nDopravná obsluha je riešená z priľahlej miestnej obslužnej komunikácie Černyševského ulice. \nSúčasťou je aj riešenie statickej dopravy, spolu v konečnej fáze výstavby 283 PM: pre I. etapu na \nparkoviskách A, B, C a D na teréne, ktoré sú umiestňované v dochádzkovej vzdialenosti v rôznych \npolohách v dotknutom území stavby a pre II. etapu aj v hromadnej garáži, integrovanej do objektu \nhotela (zruší sa parkovisko B), pričom predmetom riešenia je aj náhrada/premiestnenie jestvujúcich \nparkovacích miest v území. Vlastná potreba statickej dopravy zámeru pre I. a II. etapu je 175 PM.</p>'),(30,'Revitalizácia okolia Pamätníka obetiam extrémizmu','2021-04-03','Revitalizácia okolia jestvujúceho pamätníka obetiam \nextrémizmu. Prioritou návrhu je zachovať pietny charakter priestoru, zdôrazniť prítomnosť pamätníka a podporiť jeho pôsobenie v priestore. Aktuálne je verejná plocha v okolí pamätníka využívaná na neorganizované parkovanie, avšak neevidujeme žiadny projekt, ktorým by bola táto činnosť resp. funkčné využívanie plochy legislatívne potvrdené.',47,'revitalizacia_okolia_pamatnika_obetiam_extremizmu','UZEMNE_KONANIE','INWORK','<p>\n    Revitalizácia okolia jestvujúceho pamätníka obetiam extrémizmu. \nPrioritou návrhu je zachovať pietny charakter priestoru, zdôrazniť prítomnosť pamätníka a podporiť \njeho pôsobenie v priestore. Aktuálne je verejná plocha v okolí pamätníka využívaná na \nneorganizované parkovanie, avšak neevidujeme žiadny projekt, ktorým by bola táto činnosť resp. \nfunkčné využívanie plochy legislatívne potvrdené.\n</p><p>\nNávrh eliminuje plochu existujúcej spevnenej plochy na úkor vegetačných úprav, pričom predkladá \netapizáciu projektu pre postupnú adaptáciu upraveného priestoru. Navrhnuté členenie priestoru je \novplyvnené existujúcimi napojeniami a vstupmi do územia, priestor je vyčlenený dvoma \npretínajúcimi sa pešími trasami, ktoré vymedzujú centrálny priestor v bode ich križovania, \ndefinovanom v mieste osadenia pamätníka. V rámci revitalizácie bude upravený terén, realizované \nsadové úpravy, umiestnené mobiliárové prvky (betónové sedáky, lavičky, odpadkové koše, \nosvetlenie, atď.). V I. etape je ponechaná a upravená spevnená plocha pre parkovanie, jasne\ndefinovaná a pomocou výsadby oddelená od kontaktu s pamätníkom. V II. etape sa táto plocha \nzatrávni, línie chodníkov sa predĺžia a napoja na komunikácie (promenáda pri Dunaji a vstup na \nTyršovo nábrežie od divadla Aréna).</p>'),(31,'Lávky cez Chorvátske rameno','2021-09-28','Štyri lávky budú urbanisticky, architektonicky, funkčne a dopravne napojené do kontextu miesta. Návrh prinesie aj riešenie predpolia lávok na oboch brehoch a bude v maximálnej možnej miere rešpektovať tvarovanie terénu a zelene Chorvátskeho ramena.',49,'lavky_cez_chorvatske_rameno','PRIPRAVA_PROJEKTU','INWORK','Štyri lávky budú urbanisticky, architektonicky, funkčne a dopravne napojené do kontextu miesta. Návrh prinesie aj riešenie predpolia lávok na oboch brehoch a bude v maximálnej možnej miere rešpektovať tvarovanie terénu a zelene Chorvátskeho ramena.'),(32,'Polyfunkčný objekt Tematínska','2021-04-20','Polyfunkčná stavba s dvoma samostatnými objektami a troma prevádzkovými \ncelkami. Má jedno podzemné parkovacie podlažie, štyri nadzemné a jedno ustúpené piate podlažie. V objektoch sa nachádza 55 bytov a občianska vybavenosť – reštaurácia, kancelárske priestory, telocvičňa v prízemnom trakte pozdĺž bulváru.',54,'polyfunkcny_objekt_tematinska','UZEMNE_KONANIE','INWORK','<p>\n    Polyfunkčná stavba s dvoma samostatnými\n    objektami a troma prevádzkovými celkami. Má jedno podzemné parkovacie podlažie, štyri\n    nadzemné a jedno ustúpené piate podlažie. V objektoch sa nachádza 55 bytov a občianska\n    vybavenosť – reštaurácia, kancelárske priestory, telocvičňa v prízemnom trakte pozdĺž bulváru.\n    </p>\n    <p>\n    V parteri polyfunkčných objektov sa nachádza správa parku, materská škôlka pre 36 detí, dva\n    kancelárske priestory, tri zubné ambulancie, zubný technik. Na ustúpenom podlaží\n    severovýchodného objektu je celoročný wellness klub s vnútorným bazénom, saunami a vírivými\n    vaňami. Súčasťou polyfunkčnej stavby sú aj verejné funkcie vo väzbe na vodnú plochu Veľký\n    Draždiak - bulvár pre peších, promenáda, umelý potok, dažďová záhrada, komunitná záhrada, pláž\n    so zázemím, mólo, oddychová lúka s ohniskom, vnútroblokový park, tri detské ihriská, amfiteáter\n    pre drobné podujatia a stanovisko bike sharing.\n    </p>\n    <p>\n    Stavba je dopravne pripojená na jestvujúce komunikácie v území - Tematínska ulica popri\n    Chorvátskom ramene s následným pripojením cez premostenie Chorvátskeho ramena na Jantárovú\n    cestu a účelová prístupová komunikácia susedného hotela s následným pripojením na Antolskú\n    ulicu.\n    </p>\n    <p>\n    Statická doprava (130 parkovacích miest) je riešená v spoločnej integrovanej hromadnej garáži (1\n    vjazd zo smeru od Jantárovej cesty a 1 vjazd zo smeru od Antolskej ulice), 18 verejných\n    parkovacích miest je umiestnených ako kolmé parkovanie pri jestvujúcej komunikácii - úseku\n    Tematínskej ulice, vedenej ku vodnej ploche Veľkého Draždiaka.\n    </p>'),(33,'Polyfunkčný súbor Acord - Matador','2021-05-05','V 4 objektoch je situovaných 9 obchodných priestorov, 12 služobných bytov, prenajímateľné \npriestory nevýrobných služieb – skladové a technické priestory, ateliéry, tvorivé dielne, a iné.',NULL,'acord_matador','UZEMNE_KONANIE','INWORK','Predložená dokumentácia rieši: umiestnenie polyfunkčného komplexu – 4-och viacpodlažných\nobjektov/polyfunkčných domov A1, A2, A3, A4 na mieste asanovaných zdevastovaných \njestvujúcich objektov skladov a administratívnej budovy pôvodného výrobného areálu Matador.\nVo vnútrobloku riešeného územia sú navrhnuté zariadenia na oddych a trávenie voľného času. \nV objektoch je situovaných 9 obchodných priestorov, 12 služobných bytov, prenajímateľné \npriestory nevýrobných služieb – skladové a technické priestory, ateliéry, tvorivé dielne, a iné\n(24 obyvateľov bytov, 174 zamestnancov a 60 návštevníkov).'),(34,'Polyfunkčný dom SMART muchovo','2021-07-19','Polyfunkčný dom je umiestnený na parcelách investora, na \nktorých sa momentálne nachádzajú budovy určené na asanáciu. V súčasnosti uzavretý a oplotený \nareál sa po realizácii zámeru stane súčasťou verejného priestoru a doplní tak uličnú mestskú \nzástavbu.',NULL,'smart_muchovo','UZEMNE_KONANIE','INWORK','Predložená dokumentácia rieši: umiestnenie novostavby polyfunkčného objektu s 9-timi \nnadzemnými a 1 podzemným podlažím. Polyfunkčný dom je umiestnený na parcelách investora, na \nktorých sa momentálne nachádzajú budovy určené na asanáciu. V súčasnosti uzavretý a oplotený \nareál sa po realizácii zámeru stane súčasťou verejného priestoru a doplní tak uličnú mestskú \nzástavbu. Popri krátkodobom parkovaní na teréne počíta zámer s vybudovaním podzemnej garáže. \nParter tvorí spojitú obdĺžnikovú podnož pre dva 8-podlažné bloky A a B. Veže sú ukončené \nustupujúcim podlažím na 9.nadzemnom podlaží. Parter je určený prioritne na funkciu obchodu, \nslužieb a jeho súčasťou je spoločenská sála pre cca 120 osôb. Taktiež sú tu pridružené priestory \nskladov, technické miestnosti a komunikačné jadrá s recepciami pre nebytové apartmánové \npriestory. Veža A je funkčne rozdelená na apartmánový dom na 2. a 3. podlaží a bytový dom na \nostatných podlažiach. Veža B je apartmánovým domom. Strešné plochy sú zazelenené a využívané \nako terasy.');
/*!40000 ALTER TABLE `project` ENABLE KEYS */;
UNLOCK TABLES;

--
-- Table structure for table `simple`
--

DROP TABLE IF EXISTS `simple`;
/*!40101 SET @saved_cs_client     = @@character_set_client */;
/*!50503 SET character_set_client = utf8mb4 */;
CREATE TABLE `simple` (
  `id` int NOT NULL AUTO_INCREMENT,
  `name` varchar(255) DEFAULT NULL,
  PRIMARY KEY (`id`)
) ENGINE=InnoDB AUTO_INCREMENT=143 DEFAULT CHARSET=utf8mb4 COLLATE=utf8mb4_0900_ai_ci;
/*!40101 SET character_set_client = @saved_cs_client */;

--
-- Dumping data for table `simple`
--

LOCK TABLES `simple` WRITE;
/*!40000 ALTER TABLE `simple` DISABLE KEYS */;
INSERT INTO `simple` VALUES (142,'Peter');
/*!40000 ALTER TABLE `simple` ENABLE KEYS */;
UNLOCK TABLES;

--
-- Table structure for table `statement`
--

DROP TABLE IF EXISTS `statement`;
/*!40101 SET @saved_cs_client     = @@character_set_client */;
/*!50503 SET character_set_client = utf8mb4 */;
CREATE TABLE `statement` (
  `id` int NOT NULL AUTO_INCREMENT,
  `title` varchar(255) NOT NULL,
  `source` varchar(255) NOT NULL,
  `date` date DEFAULT NULL,
  `status` varchar(45) NOT NULL,
  `status_description` varchar(255) DEFAULT NULL,
  `project_id` int DEFAULT NULL,
  PRIMARY KEY (`id`),
  KEY `statement_project_idx` (`project_id`),
  CONSTRAINT `statement_project` FOREIGN KEY (`project_id`) REFERENCES `project` (`id`)
) ENGINE=InnoDB AUTO_INCREMENT=137 DEFAULT CHARSET=utf8mb4 COLLATE=utf8mb4_0900_ai_ci;
/*!40101 SET character_set_client = @saved_cs_client */;

--
-- Dumping data for table `statement`
--

LOCK TABLES `statement` WRITE;
/*!40000 ALTER TABLE `statement` DISABLE KEYS */;
INSERT INTO `statement` VALUES (61,'Petíciu proti výstavbe na Tematinskej 1','https://zastupitelstvo.bratislava.sk/data/att/40163.pdf','2018-10-11','success','odovzdaná',1),(62,'Záväzné stanovisko hlavného mesta','https://zverejnovanie.bratislava.sk/assets/File.ashx?id_org=700026&id_dokumenty=60157','2019-01-17','error','zamietnuté',1),(63,'Uznesenie mestského zastupiteľstva','https://zastupitelstvo.bratislava.sk/mestske-zastupitelstvo-hlavneho-mesta-sr-bratislavy-zasadnutie-07022019/bod-35/','2019-02-07','success','berie na vedomie',1),(64,'Materiál na rokovanie MZ','https://www.petrzalka.sk/wp-content/uploads/2017/05/10_Odsuhlasenie_projektov_vybavenie_odbornych_ucebni_v_ZS_Aktual.pdf','2017-05-06','success','',2),(65,'Výzva na projektovú dokumentáciu','https://www.petrzalka.sk/wp-content/uploads/2018/09/03_Projekt_Denny_stacionar_pre_seniorov-1.pdf','2018-09-07','success','',3),(66,'Materiál na rokovanie MZ','https://www.petrzalka.sk/wp-content/uploads/2018/09/03_Projekt_Denny_stacionar_pre_seniorov-1.pdf','2018-09-25','success','schvaľuje',3),(67,'Podpis zmluvy na projektovú dokumentáciu','https://www.petrzalka.sk/wp-content/uploads/2018/09/03_Projekt_Denny_stacionar_pre_seniorov-1.pdf','2018-09-26','success','',3),(68,'Ukončenie verejného obstarávania','https://www.petrzalka.sk/2018-09-07-vyzva-na-predlozenie-ponuk-vybudovanie-denneho-stacionaru-pre-seniorov-na-vavilovovej-ulici-bratislava/','2018-10-01','success','',3),(69,'Odovzdanie projektovej dokumentácie','https://www.petrzalka.sk/wp-content/uploads/2018/09/03_Projekt_Denny_stacionar_pre_seniorov-1.pdf','2018-12-20','success','',3),(70,'Materiál na rokovanie MZ','https://www.petrzalka.sk/wp-content/uploads/2020/01/Info.-3.-%C5%A1portovo-rekrea%C4%8Dn%C3%BD-are%C3%A1l-pri-%C4%8COV-MZ.pdf','2020-02-04','success','',4),(71,'Záväzné stanovisko','https://zverejnovanie.bratislava.sk/assets/File.ashx?id_org=700026&id_dokumenty=52637','2017-09-18','error','zamietnuté',5),(72,'Stanovené požiadavky do spracovania projektu','https://zverejnovanie.bratislava.sk/assets/File.ashx?id_org=700026&id_dokumenty=52637','2018-10-23','success','',5),(73,'Záväzné stanovisko','https://zverejnovanie.bratislava.sk/assets/File.ashx?id_org=700026&id_dokumenty=64278','2019-07-25','success','súhlasné',5),(74,'Začatie územného konania','https://www.petrzalka.sk/2020-03-04-uzemne-konania/','2019-11-27','inwork','',5),(75,'Zasadnutie Miestneho zastupiteľstva','https://www.petrzalka.sk/wp-content/uploads/2020/01/uznesenia_04_02_2020opraven%C3%A9.pdf','2020-02-04','error','vyjadruje nesúhlas',5),(76,'Petícia PROTI zástavbe parku a časti parkoviska','https://zastupitelstvo.bratislava.sk/data/att/46753.pdf','2020-02-27','success','berie na vedomie',5),(77,'Oznámenie výsledku vybavenia petície','https://esluzby.bratislava.sk/Upload/EDEM/NoticeBoardEntry/19396/2020PeticiaprotizastavbeparkuacastiparkoviskaHumenskenamestievlokaliteLukyVII._2%20doc.pdf','2020-05-28','success','berie na vedomie',5),(78,'Zasadnutie Mestského zastupiteľstva','https://zastupitelstvo.bratislava.sk/mestske-zastupitelstvo-hlavneho-mesta-sr-bratislavy-zasadnutie-28052020/bod-43/','2020-05-28','success','berie na vedomie',5),(79,'Záväzné stanovisko hlavného mesta','https://zverejnovanie.bratislava.sk/assets/File.ashx?id_org=700026&id_dokumenty=59362','2018-10-05','success','súhlasí',6),(80,'Petícia proti výstavbe','https://www.petrzalka.sk/wp-content/uploads/2019/03/1-MZ-peticia-Topolcianska.pdf','2019-02-28','success','odovzdaná',6),(81,'Uznesenie Miestneho zastupiteľstva','https://www.petrzalka.sk/wp-content/uploads/2019/03/Uznesenia-MZ-26.03.2019.pdf','2019-03-26','success','berie na vedomie',6),(82,'Uznesenie Mestského zastupiteľstva','https://zastupitelstvo.bratislava.sk/data/att/41660.pdf','2019-04-25','success','berie na vedomie',6),(83,'Začatie územného konania','https://www.petrzalka.sk/2020-03-04-uzemne-konania/','2020-01-07','success','berie na vedomie',6),(84,'Uznesenie Miestneho zastupiteľstva','https://www.petrzalka.sk/wp-content/uploads/2020/01/uznesenia_04_02_2020opraven%C3%A9.pdf','2020-02-04','success','berie na vedomie',6),(85,'Prerušenie územného konania','https://www.petrzalka.sk/wp-content/uploads/2020/02/Topolcianska_UR_PK_namietky_PET20200012217.pdf','2020-02-17','inwork','prerušuje',6),(86,'Informácia o schválení projektu','https://zastupitelstvo.bratislava.sk/data/att/23543.pdf','2017-12-07','success','berie na vedomie',7),(87,'Zasadnutie komisie správy majetku a miestnych podnikov','https://www.petrzalka.sk/wp-content/uploads/2020/01/Z%C3%A1pisnica-%C4%8D.7-janu%C3%A1r-2020.pdf','2020-01-20','success','',7),(88,'Zasadnutie komisie územného plánu, výstavby a rozvoja','https://www.petrzalka.sk/wp-content/uploads/2020/02/KUPVaR-zapisnica_2020-01-21_overena.pdf','2020-01-21','success','',7),(89,'Analýza súčasného stavu','https://www.petrzalka.sk/projekt-revitalizacie-namestia-republiky/','2020-03-01','success','hotovo',8),(90,'Vypracovanie zadania architektonickej súťaže','https://www.petrzalka.sk/wp-content/uploads/2020/12/%C5%A0t%C3%BAdia-PRINT-FINAL.pdf','2020-12-01','success','',8),(91,'Realizácia víťazného návrhu','https://www.petrzalka.sk/projekt-revitalizacie-namestia-republiky/',NULL,'unknown','',8),(92,'Investičný zámer','https://www.petrzalka.sk/wp-content/uploads/2018/02/Skola_Juzne_mesto.pdf','2018-02-01','success','',9),(93,'Záväzné stanovisko','https://zverejnovanie.bratislava.sk/assets/File.ashx?id_org=700026&id_dokumenty=66735','2020-01-24','success','súhlasí',9),(94,'Infomateriál','https://www.petrzalka.sk/wp-content/uploads/2020/09/INFO-7.-Z%C3%A1mer-budovania-v%C3%BD%C5%A5ahov%C3%BDch-parkovac%C3%ADch-domov-v-Petr%C5%BEalke.pdf','2020-08-26','success','',10),(95,'Stanovisko komisie MZ','https://www.petrzalka.sk/wp-content/uploads/2020/09/KUPVaR-zapisnica_2020-08-25_overena.pdf','2020-08-25','error','žiada ďalšie možnosti riešenia',11),(96,'Stanovisko komisie MZ','https://www.petrzalka.sk/wp-content/uploads/2020/10/KUPVaR-zapisnica_2020-09-29_overena.pdf','2020-09-29','error','žiada ďalšie dokumenty',11),(97,'Stanovisko komisie MZ','https://www.petrzalka.sk/wp-content/uploads/2020/09/KUPVaR-zapisnica_2020-08-25_overena.pdf','2020-08-25','success','súhlasí',12),(98,'Záväzné stanovisko','https://zverejnovanie.bratislava.sk/assets/File.ashx?id_org=700026&id_dokumenty=71584','2020-09-25','success','súhlasí',12),(99,'Stanovisko komisie MZ','https://www.petrzalka.sk/wp-content/uploads/2020/06/z%C3%A1pisnica-K%C5%BDP-28.05.2020-podp%C3%ADsan%C3%A1.pdf','2020-05-28','success','súhlasí',13),(100,'Stanovisko komisie MZ','https://www.petrzalka.sk/wp-content/uploads/2020/10/KUPVaR-zapisnica_2020-09-29_overena.pdf','2020-09-29','success','berie na vedomie',14),(101,'Záväzné stanovisko hlavného mesta','https://zverejnovanie.bratislava.sk/assets/File.ashx?id_org=700026&id_dokumenty=67277','2020-02-06','success','súhlasí',15),(102,'Záväzné stanovisko MZ','https://www.petrzalka.sk/wp-content/uploads/2020/03/KUPVaR-zapisnica_2020-03-03_overena.pdf','2020-03-03','success','súhlasí',16),(103,'Záväzné stanovisko hlavného mesta','https://zverejnovanie.bratislava.sk/assets/File.ashx?id_org=700026&id_dokumenty=69412','2020-05-19','success','súhlasí',16),(104,'Stanovisko komisie MZ','https://www.petrzalka.sk/wp-content/uploads/2020/10/KUPVaR-zapisnica_2020-09-29_overena.pdf','2020-09-29','success','súhlasí',17),(105,'Stanovisko komisie MZ','https://www.petrzalka.sk/wp-content/uploads/2020/10/KUPVaR-zapisnica_2020-09-29_overena.pdf','2020-09-29','success','súhlasí',18),(106,'Stanovisko komisie MZ','https://www.petrzalka.sk/wp-content/uploads/2017/05/Zapisnica_UPVaD_19_6_2017.pdf','2017-06-17','error','nebolo schválené',19),(107,'Záväzné stanovisko hlavného mesta','https://zverejnovanie.bratislava.sk/assets/File.ashx?id_org=700026&id_dokumenty=38329','2015-11-18','success','súhlasí',19),(108,'Záväzné stanovisko hlavného mesta','https://zverejnovanie.bratislava.sk/assets/File.ashx?id_org=700026&id_dokumenty=31041','2014-09-18','error','nesúhlasí',20),(109,'Rozhodnutie mestskej časti','https://www.petrzalka.sk/wp-content/uploads/2015/08/Rozhodnutie_Ovsiste.pdf','2015-08-03','error','zastavené',20),(110,'Stanovisko komisie MZ','https://www.petrzalka.sk/wp-content/uploads/2020/06/KUPVaR-zapisnica_2020-05-26_overena.pdf','2020-05-26','error','žiada prepracovanie',20),(111,'Petícia proti výstavbe','https://www.peticie.com/peticia_proti_vystavbe_bytoveho_domu_habern_au_na_luke_nachadzajucej_sa_na_ulici_a_gwerkovej_v_mestskej_asti_bratislava__petralka_v_ovsiti','2020-11-10','inwork','',20),(112,'Záväzné stanovisko hlavného mesta','https://zverejnovanie.bratislava.sk/assets/File.ashx?id_org=700026&amp;id_dokumenty=68661','2020-05-11','success','súhlasí',21),(113,'Stanovisko komisie MZ','https://www.petrzalka.sk/wp-content/uploads/2019/09/KUPVaD-zapisnica_2019-09-10_overena.pdf','2019-09-10','error','neschválené',21),(114,'Záväzné stanovisko MZ','https://zverejnovanie.bratislava.sk/assets/File.ashx?id_org=700026&id_dokumenty=67275','2020-02-06','success','súhlasí',22),(115,'Začatie územného konania','https://www.petrzalka.sk/parkovaci-dom-panonska-ul-bratislava-mc-petrzalka/','2019-11-27','success','',22),(116,'Záväzné stanovisko MZ','https://zverejnovanie.bratislava.sk/assets/File.ashx?id_org=700026&id_dokumenty=67275','2020-02-06','success','súhlasí',23),(117,'Stanovisko komisie MZ','https://zverejnovanie.bratislava.sk/assets/File.ashx?id_org=700026&amp;id_dokumenty=68659','2020-04-28','success','súhlasí',24),(118,'Záväzné stanovisko MZ','https://zverejnovanie.bratislava.sk/assets/File.ashx?id_org=700026&amp;id_dokumenty=68753','2020-04-07','success','súhlasí',25),(119,'Petícia za verejný park','http://www.ekoforum.sk/peticia/park-petrzalka','2018-09-14','success','odovzdaná',26),(120,'Prerokovanie petície','https://www.petrzalka.sk/wp-content/uploads/2018/09/23_Prerokovanie-peticie-Srobarovo-park.pdf','2018-09-25','success','vyhovuje',26),(121,'Zasadnutie komisie MZ','https://www.petrzalka.sk/wp-content/uploads/2020/02/KUPVaR-zapisnica_2020-01-14_overena.pdf','2020-01-14','success','schválené.',26),(122,'Záväzné stanovisko MZ','https://zverejnovanie.bratislava.sk/assets/File.ashx?id_org=700026&id_dokumenty=74069','2021-02-03','success','súhlasí',27),(123,'Investičný zámer','https://www.petrzalka.sk/wp-content/uploads/2019/01/UPVaD_01_21_10_Rekonstrukcia_a_dostavba_vyrobnych_hal_Matador.pdf','2019-01-01','unknown','',28),(124,'Záväzné stanovisko MZ','https://zverejnovanie.bratislava.sk/assets/File.ashx?id_org=700026&id_dokumenty=73878','2021-01-25','success','súhlasí',29),(125,'Záväzné stanovisko MZ','https://zverejnovanie.bratislava.sk/assets/File.ashx?id_org=700026&id_dokumenty=73956','2021-01-25','success','súhlasí',30),(126,'Súťaž','https://mib.sk/sutaz/lavky-cez-chorvatske-rameno-v-petrzalke/?fbclid=IwAR16xcz6Ql7kGz5bRpXU7nRz-6aWyQQi_xj-ogqj822WExkFgHvf3-SOWAc','2021-02-11','inwork','prebieha',31),(127,'Záväzné stanovisko hlavného mesta','https://zverejnovanie.bratislava.sk/assets/File.ashx?id_org=700026&id_dokumenty=71001','2020-08-27','success','súhlasí',32),(128,'Stanovisko komisie MZ','https://www.petrzalka.sk/wp-content/uploads/2020/11/KUPVaR-zapisnica.pdf','2020-10-27','error','žiada ďalšie dokumenty',32),(129,'Petícia proti výstavbe','https://www.peticie.com/peticia_proti_vystavbe_polyfunknej_stavby_na_tematinskej_ulici_pri_vekom_dradiaku_v_mestskej_asti_bratislava__petralka','2020-11-17','inwork','',32),(130,'Ministerstvo dopravy a výstavby SR Okresný úrad ŽP Bratislava','https://www.enviroportal.sk/sk/eia/detail/polyfunkcny-objekt-tematinska-bratislava','2021-04-08','inwork','',32),(131,'Zastupiteľstvo Bratislavského samosprávneho kraja','https://bratislavskykraj.sk/wp-content/uploads/2021/06/kampus-petrzalka-material-zastupitelstvo.pdf','2021-06-22','success',NULL,4),(132,'Záväzné stanovisko hlavného mesta','https://zverejnovanie.bratislava.sk/assets/File.ashx?id_org=700026&id_dokumenty=78240','2021-07-22','success',NULL,11),(133,'Záväzné stanovisko hlavného mesta','https://zverejnovanie.bratislava.sk/assets/File.ashx?id_org=700026&id_dokumenty=78238','2021-05-05','success','súhlasí',33),(134,'Záväzné stanovisko hlavného mesta','https://zverejnovanie.bratislava.sk/assets/File.ashx?id_org=700026&id_dokumenty=5907720','2018-10-19','success','súhlasí',34),(135,'Záväzné stanovisko hlavného mesta','https://zverejnovanie.bratislava.sk/assets/File.ashx?id_org=700026&id_dokumenty=78062','2021-07-19','success','súhlasí',34),(136,'Rozhodnutie MČ Petržalka','https://www.petrzalka.sk/wp-content/uploads/2020/10/20-1105-v%C3%BDzva-UR-Smart-muchovo-IWG-Trust_PET20200035515.pdf','2020-10-09','error','výzva na doplnenie návrhu a prerušenie konania',34);
/*!40000 ALTER TABLE `statement` ENABLE KEYS */;
UNLOCK TABLES;

--
-- Table structure for table `team`
--

DROP TABLE IF EXISTS `team`;
/*!40101 SET @saved_cs_client     = @@character_set_client */;
/*!50503 SET character_set_client = utf8mb4 */;
CREATE TABLE `team` (
  `id` int NOT NULL,
  `name` varchar(45) DEFAULT NULL,
  PRIMARY KEY (`id`)
) ENGINE=InnoDB DEFAULT CHARSET=utf8mb4 COLLATE=utf8mb4_0900_ai_ci;
/*!40101 SET character_set_client = @saved_cs_client */;

--
-- Dumping data for table `team`
--

LOCK TABLES `team` WRITE;
/*!40000 ALTER TABLE `team` DISABLE KEYS */;
INSERT INTO `team` VALUES (1,'23:47:31.912986800');
/*!40000 ALTER TABLE `team` ENABLE KEYS */;
UNLOCK TABLES;

--
-- Table structure for table `validable_entity`
--

DROP TABLE IF EXISTS `validable_entity`;
/*!40101 SET @saved_cs_client     = @@character_set_client */;
/*!50503 SET character_set_client = utf8mb4 */;
CREATE TABLE `validable_entity` (
  `id` int NOT NULL AUTO_INCREMENT,
  `length` varchar(255) DEFAULT NULL,
  `not_insertable` varchar(255) DEFAULT NULL,
  `not_nulable` varchar(255) DEFAULT NULL,
  `is_unique` varchar(255) DEFAULT NULL,
  `not_updatable` varchar(255) DEFAULT NULL,
  PRIMARY KEY (`id`)
) ENGINE=InnoDB DEFAULT CHARSET=utf8mb4 COLLATE=utf8mb4_0900_ai_ci;
/*!40101 SET character_set_client = @saved_cs_client */;

--
-- Dumping data for table `validable_entity`
--

LOCK TABLES `validable_entity` WRITE;
/*!40000 ALTER TABLE `validable_entity` DISABLE KEYS */;
/*!40000 ALTER TABLE `validable_entity` ENABLE KEYS */;
UNLOCK TABLES;
/*!40103 SET TIME_ZONE=@OLD_TIME_ZONE */;

/*!40101 SET SQL_MODE=@OLD_SQL_MODE */;
/*!40014 SET FOREIGN_KEY_CHECKS=@OLD_FOREIGN_KEY_CHECKS */;
/*!40014 SET UNIQUE_CHECKS=@OLD_UNIQUE_CHECKS */;
/*!40101 SET CHARACTER_SET_CLIENT=@OLD_CHARACTER_SET_CLIENT */;
/*!40101 SET CHARACTER_SET_RESULTS=@OLD_CHARACTER_SET_RESULTS */;
/*!40101 SET COLLATION_CONNECTION=@OLD_COLLATION_CONNECTION */;
/*!40111 SET SQL_NOTES=@OLD_SQL_NOTES */;

-- Dump completed on 2021-10-03 18:39:11
